1, 1, 4.0, 4.0, 343, 37, 16, 19, 0.438755513049
2, 1, 5.0, 4.0, 422, 54, 20, 17, 0.531189075913
3, 1, 4.0, 3.0, 283, 32, 14, 17, 0.682385513011
4, 1, 5.0, 5.0, 530, 92, 27, 12, 0.538134332377
5, 1, 4.0, 4.0, 470, 58, 30, 10, 0.546581378967
6, 1, 4.0, 4.0, 246, 24, 15, 13, 0.36246966816
7, 1, 5.0, 5.0, 507, 47, 30, 11, 0.556797683915
8, 1, 5.0, 5.0, 40, 6, 4, 9, 0.44318230313
9, 1, 4.0, 5.0, 454, 46, 35, 6, 0.341796447767
10, 1, 5.0, 4.0, 514, 35, 26, 13, 0.435452830351
11, 1, 4.0, 4.0, 328, 51, 22, 11, 0.446576072167
12, 1, 4.0, 4.0, 400, 46, 25, 10, 0.514150801493
13, 1, 4.0, 3.0, 204, 14, 6, 32, 0.37441016313
14, 1, 3.0, 3.0, 307, 30, 25, 8, 0.305559746486
15, 1, 3.0, 3.0, 176, 26, 13, 10, 0.577168413765
16, 1, 6.0, 6.0, 535, 74, 35, 9, 0.626908875329
17, 1, 4.0, 4.0, 347, 31, 18, 16, 0.399570572953
18, 1, 4.0, 4.0, 374, 34, 15, 21, 0.490450654541
19, 1, 2.0, 2.0, 66, 10, 7, 8, 0.0318145060848
20, 1, 3.0, 3.0, 158, 20, 11, 12, 0.566250497171
21, 1, 4.0, 4.0, 367, 46, 20, 14, 0.547006477794
22, 1, 2.0, 1.0, 56, 5, 2, 28, 0.430665854691
23, 1, 5.0, 5.0, 530, 61, 30, 11, 0.582419586883
24, 1, 6.0, 5.0, 573, 71, 39, 7, 0.594271190562
25, 1, 4.0, 4.0, 294, 42, 16, 15, 0.433809188805
26, 1, 5.0, 4.0, 366, 42, 22, 11, 0.490697822546
27, 1, 2.0, 2.0, 122, 14, 7, 16, 0.289177232755
28, 1, 5.0, 4.0, 362, 47, 28, 7, 0.392495182858
29, 1, 5.0, 4.0, 374, 38, 23, 12, 0.466281264112
30, 1, 4.0, 4.0, 262, 30, 15, 14, 0.495274275618
31, 1, 4.0, 6.0, 492, 42, 34, 6, 0.405210151167
32, 1, 5.0, 5.0, 502, 51, 36, 6, 0.61611639562
33, 1, 3.0, 3.0, 167, 15, 12, 10, 0.4396583546
34, 1, 4.0, 4.0, 370, 35, 26, 9, 0.383744351108
35, 1, 4.0, 5.0, 415, 45, 33, 5, 0.556968211719
36, 1, 5.0, 5.0, 548, 59, 24, 17, 0.400099726826
37, 1, 6.0, 6.0, 490, 45, 31, 9, 0.538463946931
38, 1, 4.0, 4.0, 354, 46, 17, 18, 0.456565296586
39, 1, 5.0, 5.0, 446, 40, 22, 15, 0.474032381847
40, 1, 4.0, 3.0, 193, 24, 15, 10, 0.554742538121
41, 1, 1.0, 1.0, 41, 5, 3, 13, 0.556714213934
42, 1, 4.0, 4.0, 285, 22, 14, 17, 0.503950504506
43, 1, 3.0, 3.0, 143, 16, 8, 16, 0.502593990077
44, 1, 4.0, 4.0, 314, 33, 28, 7, 0.42137433573
45, 1, 4.0, 4.0, 326, 27, 20, 11, 0.352757285316
46, 1, 4.0, 4.0, 307, 33, 11, 25, 0.327213684292
47, 1, 4.0, 4.0, 316, 28, 18, 13, 0.49789638898
48, 1, 6.0, 5.0, 562, 38, 33, 8, 0.432214957061
49, 1, 3.0, 3.0, 317, 42, 27, 7, 0.629006058636
50, 1, 2.0, 3.0, 83, 10, 4, 20, 0.421114165157
51, 1, 5.0, 4.0, 577, 22, 13, 42, 0.320751756089
52, 1, 3.0, 4.0, 241, 27, 15, 12, 0.498056167029
53, 1, 4.0, 4.0, 434, 38, 27, 11, 0.625509245924
54, 1, 5.0, 5.0, 424, 50, 30, 7, 0.424654242106
55, 1, 4.0, 4.0, 239, 31, 11, 19, 0.377324126129
56, 1, 5.0, 5.0, 469, 102, 22, 15, 0.508304946572
57, 1, 5.0, 4.0, 293, 55, 23, 8, 0.443347405545
58, 1, 4.0, 3.0, 204, 26, 14, 11, 0.588533262903
59, 1, 4.0, 4.0, 445, 52, 22, 15, 0.548661582263
60, 1, 2.0, 2.0, 68, 13, 6, 10, 0.570318578496
61, 1, 4.0, 4.0, 305, 36, 23, 6, 0.507517037195
62, 1, 4.0, 4.0, 288, 27, 14, 16, 0.551073517241
63, 1, 4.0, 4.0, 291, 32, 17, 13, 0.48845516496
64, 1, 4.0, 3.0, 222, 18, 6, 36, 0.386225569827
65, 1, 5.0, 4.0, 426, 49, 24, 13, 0.442658862662
66, 1, 5.0, 4.0, 372, 51, 25, 9, 0.440190125962
67, 1, 4.0, 4.0, 294, 33, 20, 9, 0.484097706973
68, 1, 5.0, 4.0, 401, 49, 33, 6, 0.528723697196
69, 1, 3.0, 4.0, 244, 18, 18, 9, 0.465712610455
70, 1, 6.0, 6.0, 430, 73, 28, 11, 0.505305866625
71, 1, 5.0, 5.0, 443, 33, 21, 16, 0.630465250215
72, 1, 5.0, 5.0, 535, 98, 25, 16, 0.556930407953
73, 1, 4.0, 4.0, 407, 46, 21, 15, 0.443934448858
74, 1, 4.0, 3.0, 302, 24, 29, 6, 0.521154360667
75, 1, 4.0, 4.0, 348, 47, 21, 11, 0.275656136639
76, 1, 4.0, 4.0, 307, 50, 19, 12, 0.410043331873
77, 1, 5.0, 5.0, 536, 77, 47, 5, 0.613137513212
78, 1, 5.0, 5.0, 456, 42, 33, 5, 0.392134847675
79, 1, 5.0, 5.0, 382, 37, 18, 17, 0.634507554389
80, 1, 4.0, 4.0, 409, 44, 21, 15, 0.479733562657
81, 1, 4.0, 4.0, 369, 40, 16, 20, 0.31687381041
82, 1, 4.0, 4.0, 284, 43, 23, 7, 0.560927402735
83, 1, 3.0, 4.0, 210, 21, 9, 21, 0.335668815812
84, 1, 3.0, 3.0, 203, 12, 11, 15, 0.373672276923
85, 1, 5.0, 5.0, 558, 59, 31, 12, 0.570898372595
86, 1, 4.0, 4.0, 421, 83, 28, 9, 0.602342517568
87, 1, 5.0, 5.0, 430, 43, 39, 3, 0.415374915383
88, 1, 4.0, 5.0, 443, 39, 19, 19, 0.365849866963
89, 1, 3.0, 3.0, 232, 28, 29, 5, 0.438761429737
90, 1, 3.0, 4.0, 232, 28, 9, 24, 0.567531644514
91, 1, 4.0, 4.0, 233, 32, 15, 12, 0.317347407232
92, 1, 5.0, 6.0, 664, 74, 51, 5, 0.567562162327
93, 1, 5.0, 6.0, 547, 99, 22, 19, 0.484204900564
94, 1, 4.0, 4.0, 321, 32, 25, 7, 0.549976854607
95, 1, 5.0, 5.0, 470, 40, 36, 6, 0.440433060295
96, 1, 3.0, 4.0, 230, 30, 15, 11, 0.46614329055
97, 1, 4.0, 4.0, 299, 36, 21, 9, 0.559014413881
98, 1, 5.0, 6.0, 414, 45, 34, 8, 0.264527382113
99, 1, 4.0, 4.0, 359, 30, 20, 13, 0.329321103885
100, 1, 3.0, 4.0, 236, 16, 17, 9, 0.312801426958
101, 1, 5.0, 5.0, 475, 50, 40, 4, 0.486336615924
102, 1, 4.0, 4.0, 331, 36, 26, 8, 0.543404848296
103, 1, 5.0, 4.0, 409, 40, 18, 19, 0.386036079554
104, 1, 5.0, 5.0, 404, 51, 21, 14, 0.474276350995
105, 1, 4.0, 5.0, 546, 43, 34, 9, 0.481061805194
106, 1, 5.0, 6.0, 370, 59, 30, 6, 0.571459747357
107, 1, 5.0, 5.0, 637, 94, 52, 5, 0.548065632665
108, 1, 4.0, 4.0, 377, 34, 21, 13, 0.486889827988
109, 1, 4.0, 4.0, 351, 23, 24, 8, 0.511039562622
110, 1, 3.0, 3.0, 238, 22, 13, 16, 0.392652488114
111, 1, 6.0, 5.0, 41, 8, 3, 13, 0.104962246392
112, 1, 5.0, 4.0, 413, 53, 29, 8, 0.54042770161
113, 1, 4.0, 4.0, 328, 34, 28, 6, 0.375909666765
114, 1, 4.0, 4.0, 410, 59, 24, 11, 0.593565229223
115, 1, 5.0, 4.0, 529, 21, 29, 10, 0.352412219302
116, 1, 2.0, 2.0, 53, 11, 4, 13, 0.433799568457
117, 1, 4.0, 4.0, 323, 31, 25, 8, 0.504724295349
118, 1, 6.0, 6.0, 445, 66, 28, 11, 0.552826165757
119, 1, 5.0, 5.0, 503, 29, 37, 7, 0.41256032395
120, 1, 4.0, 4.0, 379, 36, 20, 13, 0.423390675904
121, 1, 4.0, 4.0, 368, 16, 17, 17, 0.196555151514
122, 1, 5.0, 4.0, 542, 69, 29, 13, 0.541756891512
123, 1, 5.0, 5.0, 414, 54, 29, 8, 0.58977767841
124, 1, 4.0, 3.0, 274, 20, 9, 29, 0.396242195058
125, 1, 3.0, 2.0, 176, 19, 1, 176, 0.364067909723
126, 1, 4.0, 4.0, 281, 30, 10, 26, 0.477512809207
127, 1, 4.0, 5.0, 408, 53, 23, 12, 0.495830768351
128, 1, 5.0, 4.0, 41, 8, 3, 13, 0.311719181931
129, 1, 5.0, 5.0, 423, 29, 26, 10, 0.511775243097
130, 1, 5.0, 5.0, 588, 92, 39, 8, 0.532715489598
131, 1, 5.0, 5.0, 428, 47, 24, 12, 0.567364337236
132, 1, 6.0, 5.0, 437, 83, 25, 11, 0.539949154294
133, 1, 5.0, 5.0, 520, 33, 44, 4, 0.448310308452
134, 1, 5.0, 5.0, 405, 51, 24, 10, 0.559142988054
135, 1, 3.0, 4.0, 262, 27, 11, 21, 0.434479221767
136, 1, 4.0, 5.0, 564, 36, 41, 6, 0.464896686417
137, 1, 3.0, 4.0, 247, 24, 8, 30, 0.35185552052
138, 1, 4.0, 6.0, 43, 7, 3, 14, 0.421545892454
139, 1, 3.0, 4.0, 184, 16, 12, 13, 0.507861247194
140, 1, 4.0, 5.0, 360, 52, 30, 6, 0.265240903508
141, 1, 5.0, 5.0, 583, 69, 33, 11, 0.605827366478
142, 1, 5.0, 5.0, 394, 69, 24, 11, 0.435903455644
143, 1, 3.0, 4.0, 306, 28, 19, 11, 0.450130441634
144, 1, 4.0, 5.0, 442, 49, 31, 8, 0.510774423057
145, 1, 5.0, 5.0, 362, 84, 24, 10, 0.504445685621
146, 1, 3.0, 3.0, 185, 12, 3, 61, 0.331702383784
147, 1, 6.0, 6.0, 599, 75, 39, 7, 0.447953841616
148, 1, 5.0, 4.0, 307, 23, 17, 14, 0.472126186856
149, 1, 4.0, 4.0, 437, 41, 20, 17, 0.630467346018
150, 1, 4.0, 4.0, 305, 31, 24, 7, 0.242634260645
151, 1, 4.0, 4.0, 246, 19, 7, 34, 0.52487364677
152, 1, 3.0, 3.0, 172, 22, 11, 13, 0.447461358629
153, 1, 5.0, 4.0, 46, 3, 4, 10, 0.358927199699
154, 1, 6.0, 6.0, 430, 67, 33, 6, 0.4276409227
155, 1, 5.0, 5.0, 452, 60, 28, 9, 0.6282627319
156, 1, 4.0, 4.0, 346, 33, 29, 6, 0.505353403223
157, 1, 5.0, 4.0, 459, 64, 29, 8, 0.464222517786
158, 1, 5.0, 4.0, 352, 63, 26, 8, 0.577819926505
159, 1, 5.0, 5.0, 475, 70, 37, 6, 0.574608498906
160, 1, 4.0, 4.0, 285, 24, 21, 9, 0.427088388492
161, 1, 5.0, 5.0, 420, 48, 30, 8, 0.536368059606
162, 1, 6.0, 6.0, 543, 75, 29, 12, 0.623788854523
163, 1, 4.0, 4.0, 233, 44, 22, 6, 0.574217770688
164, 1, 4.0, 4.0, 247, 37, 9, 26, 0.633807556966
165, 1, 4.0, 5.0, 378, 42, 30, 7, 0.464000133826
166, 1, 4.0, 6.0, 550, 62, 33, 9, 0.493578402637
167, 1, 4.0, 4.0, 342, 23, 20, 13, 0.475468076299
168, 1, 5.0, 4.0, 448, 62, 16, 24, 0.608122969656
169, 1, 3.0, 3.0, 151, 27, 10, 13, 0.422685599877
170, 1, 4.0, 4.0, 337, 32, 21, 11, 0.625650869097
171, 1, 4.0, 4.0, 323, 24, 5, 63, 0.534554854173
172, 1, 4.0, 4.0, 257, 23, 6, 41, 0.371866146633
173, 1, 4.0, 4.0, 256, 23, 12, 19, 0.431794567293
174, 1, 4.0, 4.0, 349, 29, 25, 10, 0.176971384537
175, 1, 4.0, 4.0, 332, 41, 21, 12, 0.563310550431
176, 1, 5.0, 5.0, 390, 46, 20, 14, 0.577507182141
177, 1, 4.0, 4.0, 329, 26, 23, 8, 0.443174040303
178, 1, 4.0, 4.0, 274, 24, 20, 9, 0.409070949813
179, 1, 4.0, 4.0, 276, 54, 23, 9, 0.532184006467
180, 1, 5.0, 5.0, 444, 33, 30, 8, 0.437301770982
181, 1, 5.0, 5.0, 447, 83, 30, 8, 0.699830575787
182, 1, 4.0, 4.0, 297, 19, 17, 14, 0.543825182512
183, 1, 4.0, 4.0, 404, 43, 26, 10, 0.397525506646
184, 1, 4.0, 4.0, 388, 23, 16, 21, 0.312815298225
185, 1, 4.0, 4.0, 466, 47, 28, 10, 0.647505224836
186, 1, 4.0, 4.0, 336, 39, 22, 10, 0.423089748647
187, 1, 3.0, 2.0, 112, 10, 3, 37, 0.355516965846
188, 1, 5.0, 4.0, 414, 38, 23, 13, 0.584017867619
189, 1, 3.0, 3.0, 127, 23, 20, 3, 0.201021056132
190, 1, 5.0, 5.0, 327, 45, 23, 9, 0.495389866535
191, 1, 4.0, 4.0, 248, 30, 16, 12, 0.551511903779
192, 1, 6.0, 5.0, 490, 52, 39, 7, 0.552172784343
193, 1, 4.0, 4.0, 399, 58, 29, 7, 0.397616272438
194, 1, 5.0, 5.0, 529, 59, 34, 8, 0.49136473058
195, 1, 2.0, 3.0, 126, 12, 9, 12, 0.333217024906
196, 1, 4.0, 4.0, 384, 30, 28, 8, 0.475055560734
197, 1, 5.0, 5.0, 532, 42, 25, 16, 0.383933211759
198, 1, 5.0, 5.0, 427, 71, 23, 12, 0.423011265986
199, 1, 5.0, 6.0, 35, 10, 4, 8, 0.330673147802
200, 1, 4.0, 4.0, 368, 40, 27, 8, 0.570900267029
201, 1, 4.0, 5.0, 401, 60, 27, 9, 0.536552297662
202, 1, 4.0, 4.0, 376, 43, 28, 9, 0.489457741826
203, 1, 5.0, 5.0, 508, 41, 27, 13, 0.347970994665
204, 1, 5.0, 5.0, 377, 42, 33, 5, 0.638066866974
205, 1, 5.0, 5.0, 581, 61, 47, 3, 0.426564770282
206, 1, 5.0, 5.0, 364, 55, 25, 10, 0.432884799818
207, 1, 4.0, 4.0, 288, 33, 25, 6, 0.605090082634
208, 1, 3.0, 3.0, 150, 32, 10, 13, 0.573984709111
209, 1, 3.0, 3.0, 164, 15, 8, 18, 0.555763771065
210, 1, 4.0, 5.0, 379, 61, 26, 8, 0.383671527228
211, 1, 3.0, 3.0, 191, 22, 12, 14, 0.429087463965
212, 1, 3.0, 4.0, 271, 16, 20, 9, 0.406220684514
213, 1, 4.0, 4.0, 321, 15, 20, 11, 0.293840693979
214, 1, 4.0, 4.0, 310, 46, 14, 19, 0.52039873519
215, 1, 5.0, 5.0, 557, 94, 28, 13, 0.562124676216
216, 1, 4.0, 4.0, 402, 26, 20, 16, 0.514945338842
217, 1, 5.0, 5.0, 530, 51, 39, 5, 0.502746264177
218, 1, 4.0, 4.0, 45, 5, 4, 11, 0.180322840167
219, 1, 4.0, 5.0, 397, 41, 23, 10, 0.485785264832
220, 1, 5.0, 5.0, 430, 63, 41, 5, 0.406990706129
221, 1, 3.0, 3.0, 207, 22, 19, 6, 0.405652011213
222, 1, 5.0, 4.0, 446, 63, 27, 10, 0.478134569729
223, 1, 4.0, 4.0, 434, 39, 14, 27, 0.622562198231
224, 1, 4.0, 4.0, 40, 6, 3, 13, 0.420105139834
225, 1, 6.0, 6.0, 547, 57, 43, 5, 0.559315447389
226, 1, 4.0, 4.0, 248, 26, 19, 8, 0.479431184835
227, 1, 5.0, 4.0, 368, 37, 27, 7, 0.583645623987
228, 1, 4.0, 4.0, 292, 31, 11, 24, 0.320338888763
229, 1, 4.0, 4.0, 282, 16, 24, 4, 0.431195780765
230, 1, 5.0, 4.0, 458, 45, 31, 8, 0.567149604416
231, 1, 4.0, 4.0, 280, 34, 23, 6, 0.560417106926
232, 1, 6.0, 6.0, 547, 72, 36, 7, 0.574410183619
233, 1, 4.0, 3.0, 193, 33, 9, 19, 0.28036963381
234, 1, 4.0, 4.0, 410, 50, 32, 7, 0.569044352476
235, 1, 3.0, 4.0, 298, 35, 19, 11, 0.53171649473
236, 1, 3.0, 3.0, 201, 10, 10, 17, 0.318197059159
237, 1, 4.0, 4.0, 317, 42, 17, 15, 0.580711068008
238, 1, 4.0, 5.0, 328, 29, 13, 21, 0.551816200212
239, 1, 5.0, 4.0, 448, 52, 21, 14, 0.399667753462
240, 1, 4.0, 4.0, 255, 31, 19, 10, 0.529986999516
241, 1, 4.0, 5.0, 247, 25, 12, 18, 0.445450973985
242, 1, 4.0, 5.0, 440, 50, 31, 7, 0.339044624059
243, 1, 5.0, 6.0, 632, 42, 34, 12, 0.608267785034
244, 1, 4.0, 3.0, 352, 16, 15, 20, 0.377179399025
245, 1, 4.0, 3.0, 168, 16, 7, 22, 0.396256289197
246, 1, 5.0, 6.0, 655, 75, 44, 6, 0.560918662802
247, 1, 4.0, 4.0, 414, 36, 28, 8, 0.515721669145
248, 1, 4.0, 5.0, 485, 37, 40, 6, 0.539509889712
249, 1, 5.0, 4.0, 341, 55, 23, 9, 0.367369989534
250, 1, 5.0, 5.0, 311, 32, 24, 7, 0.516379315407
251, 1, 5.0, 4.0, 566, 49, 27, 16, 0.499386953708
252, 1, 5.0, 4.0, 410, 45, 26, 11, 0.613045529735
253, 1, 3.0, 3.0, 236, 23, 14, 13, 0.379426684625
254, 1, 5.0, 5.0, 586, 41, 31, 11, 0.425134397816
255, 1, 4.0, 4.0, 327, 29, 23, 8, 0.415125374015
256, 1, 4.0, 4.0, 291, 23, 15, 15, 0.433299480188
257, 1, 4.0, 4.0, 435, 33, 20, 17, 0.371126728236
258, 1, 6.0, 5.0, 528, 73, 26, 15, 0.541671677499
259, 1, 4.0, 5.0, 441, 60, 27, 11, 0.430730932229
260, 1, 4.0, 3.0, 314, 36, 30, 5, 0.401511661959
261, 1, 4.0, 5.0, 444, 52, 30, 8, 0.350418230774
262, 1, 4.0, 4.0, 293, 23, 12, 21, 0.492002034228
263, 1, 5.0, 5.0, 526, 64, 30, 11, 0.505850296741
264, 1, 4.0, 4.0, 378, 48, 18, 16, 0.476167073354
265, 1, 5.0, 6.0, 408, 36, 36, 4, 0.337938594611
266, 1, 6.0, 5.0, 404, 71, 25, 11, 0.562048569226
267, 1, 5.0, 5.0, 456, 69, 23, 16, 0.581687793094
268, 1, 4.0, 4.0, 269, 39, 17, 11, 0.592221156224
269, 1, 5.0, 4.0, 404, 42, 21, 14, 0.507185032827
270, 1, 4.0, 4.0, 393, 25, 26, 8, 0.459612070122
271, 1, 4.0, 4.0, 324, 34, 20, 10, 0.425528803265
272, 1, 5.0, 5.0, 529, 53, 39, 5, 0.475476980089
273, 1, 4.0, 4.0, 295, 21, 11, 24, 0.424990942394
274, 1, 4.0, 5.0, 391, 54, 27, 8, 0.628067489241
275, 1, 6.0, 5.0, 393, 65, 27, 10, 0.554880143807
276, 1, 4.0, 4.0, 265, 26, 17, 12, 0.368906811236
277, 1, 4.0, 5.0, 419, 47, 23, 13, 0.635174944007
278, 1, 4.0, 4.0, 301, 44, 22, 8, 0.595763185401
279, 1, 5.0, 5.0, 438, 72, 34, 6, 0.531370122432
280, 1, 5.0, 5.0, 401, 48, 34, 6, 0.698944381161
281, 1, 4.0, 3.0, 228, 29, 16, 10, 0.669792019431
282, 1, 4.0, 4.0, 317, 48, 20, 11, 0.605793247162
283, 1, 3.0, 3.0, 224, 20, 11, 18, 0.426841509836
284, 1, 4.0, 4.0, 307, 27, 15, 18, 0.517687563847
285, 1, 6.0, 5.0, 556, 54, 29, 13, 0.566293018827
286, 1, 2.0, 2.0, 65, 5, 4, 15, 0.388483120788
287, 1, 6.0, 6.0, 562, 82, 32, 11, 0.556544643778
288, 1, 4.0, 4.0, 348, 36, 26, 8, 0.29357147844
289, 1, 5.0, 5.0, 404, 53, 21, 14, 0.626810595935
290, 1, 6.0, 5.0, 550, 73, 29, 12, 0.604259703116
291, 1, 5.0, 6.0, 441, 72, 32, 6, 0.594716064645
292, 1, 6.0, 5.0, 525, 75, 36, 8, 0.520464131512
293, 1, 4.0, 4.0, 245, 21, 17, 10, 0.402498437845
294, 1, 5.0, 5.0, 467, 40, 26, 12, 0.458140998303
295, 1, 5.0, 5.0, 346, 43, 25, 9, 0.535536504405
296, 1, 5.0, 5.0, 514, 41, 23, 17, 0.442238555797
297, 1, 4.0, 5.0, 468, 56, 29, 10, 0.484977494106
298, 1, 4.0, 4.0, 379, 43, 26, 8, 0.506972117514
299, 1, 4.0, 4.0, 338, 29, 21, 10, 0.512837095213
300, 1, 4.0, 4.0, 504, 56, 38, 6, 0.482148789514
301, 1, 5.0, 4.0, 360, 40, 29, 5, 0.573317077739
302, 1, 5.0, 5.0, 573, 103, 45, 6, 0.551476235734
303, 1, 5.0, 5.0, 456, 47, 28, 8, 0.475706295369
304, 1, 4.0, 5.0, 539, 48, 26, 15, 0.459181931495
305, 1, 5.0, 5.0, 496, 49, 26, 14, 0.520376737657
306, 1, 4.0, 4.0, 454, 44, 31, 9, 0.608316345225
307, 1, 5.0, 4.0, 352, 34, 26, 8, 0.441954351654
308, 1, 3.0, 3.0, 128, 7, 2, 64, 0.171921290857
309, 1, 4.0, 5.0, 398, 31, 17, 19, 0.589879758467
310, 1, 5.0, 5.0, 367, 63, 17, 17, 0.417080545145
311, 1, 5.0, 4.0, 355, 36, 27, 8, 0.484388883736
312, 1, 3.0, 4.0, 234, 15, 20, 8, 0.241365957455
313, 1, 5.0, 4.0, 369, 47, 21, 12, 0.52446945457
314, 1, 5.0, 5.0, 418, 64, 22, 14, 0.573307668448
315, 1, 4.0, 5.0, 542, 76, 29, 12, 0.605654080114
316, 1, 5.0, 5.0, 493, 97, 33, 9, 0.640043258749
317, 1, 4.0, 4.0, 397, 40, 21, 13, 0.363512877852
318, 1, 4.0, 5.0, 371, 57, 29, 6, 0.317283295386
319, 1, 4.0, 4.0, 325, 26, 12, 24, 0.475932686449
320, 1, 6.0, 6.0, 537, 68, 29, 12, 0.485078104827
321, 1, 4.0, 4.0, 328, 32, 16, 16, 0.420828368583
322, 1, 5.0, 5.0, 418, 33, 27, 9, 0.588187824595
323, 1, 4.0, 4.0, 333, 30, 20, 11, 0.580902542853
324, 1, 5.0, 4.0, 398, 38, 18, 18, 0.523554382774
325, 1, 4.0, 6.0, 657, 109, 41, 8, 0.546165925662
326, 1, 3.0, 3.0, 403, 23, 26, 9, 0.469050871679
327, 1, 4.0, 4.0, 343, 36, 30, 7, 0.409619953374
328, 1, 4.0, 4.0, 354, 23, 18, 16, 0.403153741021
329, 1, 6.0, 5.0, 652, 94, 36, 10, 0.64223340702
330, 1, 5.0, 5.0, 479, 53, 35, 6, 0.545690675496
331, 1, 4.0, 4.0, 297, 26, 20, 11, 0.414835160399
332, 1, 5.0, 4.0, 398, 38, 30, 8, 0.488129019252
333, 1, 5.0, 5.0, 46, 7, 4, 11, 0.415770010636
334, 1, 5.0, 4.0, 344, 35, 16, 17, 0.389260091538
335, 1, 6.0, 5.0, 540, 61, 36, 9, 0.522123383159
336, 1, 5.0, 5.0, 282, 54, 24, 7, 0.439721419211
337, 1, 4.0, 4.0, 216, 20, 9, 22, 0.306997781315
338, 1, 6.0, 5.0, 526, 66, 24, 16, 0.659216871483
339, 1, 4.0, 5.0, 352, 65, 29, 6, 0.572217630309
340, 1, 4.0, 4.0, 279, 33, 15, 15, 0.346690098481
341, 1, 5.0, 4.0, 458, 50, 27, 11, 0.585850210738
342, 1, 5.0, 4.0, 365, 49, 27, 7, 0.442912686314
343, 1, 5.0, 5.0, 433, 42, 18, 20, 0.39102794868
344, 1, 6.0, 6.0, 697, 67, 32, 13, 0.527307729587
345, 1, 4.0, 3.0, 261, 19, 12, 19, 0.353084464029
346, 1, 4.0, 4.0, 322, 26, 15, 18, 0.434598372939
347, 1, 4.0, 4.0, 266, 21, 15, 15, 0.434861651381
348, 1, 4.0, 4.0, 410, 42, 27, 8, 0.474616495434
349, 1, 4.0, 5.0, 356, 42, 33, 6, 0.499100465321
350, 1, 4.0, 3.0, 227, 17, 11, 18, 0.344829431134
351, 1, 3.0, 2.0, 127, 15, 10, 10, 0.429522949967
352, 1, 4.0, 4.0, 260, 37, 20, 8, 0.494873551292
353, 1, 3.0, 3.0, 219, 22, 13, 14, 0.448658804061
354, 1, 4.0, 4.0, 275, 37, 22, 7, 0.545467264695
355, 1, 4.0, 4.0, 259, 34, 17, 10, 0.417877496252
356, 1, 4.0, 3.0, 200, 33, 8, 23, 0.558121619846
357, 1, 1.0, 1.0, 8, 1, 1, 8, 0.0261050578303
358, 1, 3.0, 3.0, 182, 20, 11, 14, 0.218547917555
359, 1, 5.0, 5.0, 541, 70, 44, 5, 0.588266752614
360, 1, 5.0, 5.0, 474, 62, 28, 10, 0.296304271766
361, 1, 4.0, 4.0, 263, 23, 10, 24, 0.498012313203
362, 1, 6.0, 5.0, 594, 96, 32, 13, 0.524725375179
363, 1, 4.0, 5.0, 452, 54, 28, 10, 0.529511859842
364, 1, 4.0, 4.0, 379, 27, 24, 10, 0.452078382924
365, 1, 4.0, 4.0, 40, 11, 2, 20, 0.405103547518
366, 1, 4.0, 5.0, 316, 50, 21, 10, 0.498234231881
367, 1, 4.0, 4.0, 244, 29, 18, 10, 0.516189433735
368, 1, 5.0, 5.0, 619, 84, 33, 11, 0.493646755586
369, 1, 4.0, 4.0, 329, 29, 24, 7, 0.416910645603
370, 1, 5.0, 5.0, 466, 64, 33, 7, 0.599275609632
371, 1, 4.0, 4.0, 280, 45, 19, 10, 0.458915113794
372, 1, 3.0, 4.0, 409, 48, 9, 43, 0.45786195221
373, 1, 2.0, 2.0, 159, 5, 5, 31, 0.181415510409
374, 1, 4.0, 4.0, 43, 7, 3, 14, 0.372918976515
375, 1, 5.0, 5.0, 463, 68, 30, 8, 0.401535769161
376, 1, 6.0, 5.0, 472, 49, 31, 9, 0.444992854321
377, 1, 5.0, 4.0, 467, 49, 28, 10, 0.634110391481
378, 1, 5.0, 5.0, 46, 6, 4, 11, 0.297803162674
379, 1, 5.0, 5.0, 476, 51, 36, 7, 0.546795180533
380, 1, 3.0, 4.0, 248, 24, 21, 8, 0.495950070223
381, 1, 6.0, 5.0, 495, 54, 30, 10, 0.594182573481
382, 1, 4.0, 4.0, 251, 22, 15, 13, 0.483784730755
383, 1, 5.0, 6.0, 621, 109, 37, 11, 0.594227453115
384, 1, 5.0, 5.0, 441, 37, 24, 11, 0.288559618242
385, 1, 4.0, 4.0, 317, 52, 19, 13, 0.214933769558
386, 1, 4.0, 3.0, 276, 31, 18, 10, 0.643919135585
387, 1, 4.0, 4.0, 305, 37, 20, 10, 0.412468648153
388, 1, 5.0, 5.0, 431, 44, 22, 13, 0.450565652115
389, 1, 6.0, 6.0, 540, 66, 33, 9, 0.550959032457
390, 1, 4.0, 4.0, 389, 38, 28, 10, 0.435056156262
391, 1, 4.0, 4.0, 42, 9, 4, 10, 0.337060894886
392, 1, 4.0, 3.0, 164, 12, 13, 9, 0.244847112223
393, 1, 3.0, 3.0, 173, 13, 10, 15, 0.394085266967
394, 1, 4.0, 3.0, 361, 33, 13, 25, 0.457653152508
395, 1, 5.0, 5.0, 567, 64, 36, 9, 0.440907820423
396, 1, 5.0, 5.0, 421, 44, 20, 17, 0.337392259665
397, 1, 4.0, 4.0, 426, 50, 20, 17, 0.5747260346
398, 1, 4.0, 4.0, 349, 40, 22, 10, 0.567100332293
399, 1, 3.0, 3.0, 158, 12, 8, 19, 0.383736065089
400, 1, 4.0, 4.0, 291, 34, 21, 10, 0.448727807178
401, 1, 4.0, 4.0, 485, 56, 32, 7, 0.621259560855
402, 1, 4.0, 4.0, 387, 30, 19, 17, 0.424545306746
403, 1, 4.0, 5.0, 40, 9, 3, 13, 0.444877325254
404, 1, 4.0, 4.0, 433, 51, 13, 30, 0.442159400938
405, 1, 4.0, 4.0, 377, 45, 29, 5, 0.645434747474
406, 1, 4.0, 4.0, 308, 37, 16, 15, 0.396256021732
407, 1, 4.0, 4.0, 348, 38, 16, 17, 0.580308090132
408, 1, 4.0, 4.0, 331, 27, 16, 16, 0.518649651766
409, 1, 6.0, 6.0, 498, 78, 28, 11, 0.494921647765
410, 1, 6.0, 4.0, 450, 50, 33, 8, 0.462854205407
411, 1, 4.0, 5.0, 405, 45, 24, 9, 0.490146675415
412, 1, 4.0, 4.0, 347, 32, 23, 11, 0.462312653264
413, 1, 3.0, 4.0, 340, 34, 25, 9, 0.534762449401
414, 1, 3.0, 3.0, 172, 11, 14, 9, 0.318470178008
415, 1, 4.0, 4.0, 258, 20, 10, 24, 0.356252050307
416, 1, 6.0, 6.0, 597, 111, 34, 11, 0.615666751418
417, 1, 3.0, 3.0, 218, 13, 20, 7, 0.468252761722
418, 1, 4.0, 4.0, 258, 38, 18, 9, 0.372226338282
419, 1, 3.0, 3.0, 215, 24, 11, 17, 0.627981539209
420, 1, 4.0, 3.0, 335, 22, 12, 25, 0.455986119268
421, 1, 4.0, 5.0, 507, 53, 29, 12, 0.538762132474
422, 1, 5.0, 4.0, 472, 53, 31, 8, 0.554875911582
423, 1, 5.0, 5.0, 485, 35, 24, 14, 0.493305158933
424, 1, 5.0, 4.0, 444, 49, 22, 15, 0.506345695291
425, 1, 6.0, 5.0, 514, 75, 37, 8, 0.596907002782
426, 1, 4.0, 4.0, 336, 30, 11, 29, 0.346827542229
427, 1, 5.0, 4.0, 42, 7, 5, 7, 0.342125754371
428, 1, 4.0, 4.0, 575, 41, 43, 4, 0.492170131394
429, 1, 5.0, 6.0, 492, 60, 29, 11, 0.631358527396
430, 1, 4.0, 4.0, 298, 38, 26, 5, 0.484495819275
431, 1, 6.0, 5.0, 485, 44, 35, 7, 0.473528604915
432, 1, 4.0, 3.0, 349, 18, 12, 26, 0.34290625255
433, 1, 6.0, 5.0, 621, 43, 32, 10, 0.445530568955
434, 1, 4.0, 4.0, 400, 49, 24, 11, 0.471936214236
435, 1, 4.0, 4.0, 43, 6, 4, 10, 0.462368973612
436, 1, 4.0, 4.0, 312, 36, 25, 7, 0.550537341608
437, 1, 5.0, 5.0, 443, 48, 16, 24, 0.552957759948
438, 1, 4.0, 4.0, 311, 24, 17, 14, 0.361435207891
439, 1, 4.0, 4.0, 411, 58, 25, 9, 0.66176612299
440, 1, 5.0, 5.0, 413, 61, 24, 12, 0.501731533333
441, 1, 4.0, 4.0, 287, 26, 8, 34, 0.509543657037
442, 1, 4.0, 4.0, 343, 50, 19, 15, 0.529264058789
443, 1, 4.0, 4.0, 238, 20, 12, 17, 0.433627544972
444, 1, 5.0, 5.0, 460, 79, 25, 13, 0.504193235766
445, 1, 6.0, 5.0, 530, 68, 36, 8, 0.604108403046
446, 1, 5.0, 4.0, 433, 52, 22, 14, 0.416629442845
447, 1, 1.0, 1.0, 23, 1, 1, 23, 0.249813729593
448, 1, 4.0, 3.0, 287, 25, 17, 13, 0.479210896776
449, 1, 4.0, 4.0, 382, 34, 25, 10, 0.364735212292
450, 1, 4.0, 3.0, 203, 25, 11, 16, 0.496304207763
451, 1, 4.0, 5.0, 416, 61, 34, 7, 0.607791938961
452, 1, 4.0, 4.0, 473, 39, 27, 13, 0.477789984263
453, 1, 2.0, 2.0, 90, 5, 3, 30, 0.17432654863
454, 1, 3.0, 4.0, 348, 28, 14, 22, 0.514689269182
455, 1, 5.0, 5.0, 495, 78, 31, 10, 0.661124682616
456, 1, 4.0, 5.0, 279, 40, 15, 16, 0.27518658783
457, 1, 4.0, 4.0, 294, 21, 13, 19, 0.336643724943
458, 1, 4.0, 4.0, 476, 62, 34, 7, 0.588241024323
459, 1, 4.0, 4.0, 352, 40, 31, 7, 0.537772242844
460, 1, 4.0, 4.0, 363, 38, 18, 16, 0.479234809897
461, 1, 4.0, 4.0, 440, 58, 29, 8, 0.560329283598
462, 1, 3.0, 4.0, 267, 20, 15, 15, 0.54745891999
463, 1, 4.0, 4.0, 311, 39, 24, 9, 0.543775937935
464, 1, 4.0, 5.0, 338, 39, 19, 13, 0.424855662005
465, 1, 4.0, 4.0, 321, 61, 21, 10, 0.512852409155
466, 1, 4.0, 4.0, 194, 26, 9, 19, 0.427615322709
467, 1, 4.0, 5.0, 377, 45, 23, 10, 0.44291041518
468, 1, 4.0, 4.0, 359, 37, 19, 14, 0.547321970307
469, 1, 4.0, 4.0, 264, 32, 27, 5, 0.475628037691
470, 1, 6.0, 6.0, 42, 10, 2, 21, 0.371646585079
471, 1, 3.0, 4.0, 280, 10, 16, 15, 0.502868027202
472, 1, 3.0, 3.0, 131, 12, 11, 8, 0.280136009634
473, 1, 5.0, 4.0, 41, 12, 3, 13, 0.243603053514
474, 1, 4.0, 4.0, 362, 33, 20, 13, 0.566108082894
475, 1, 3.0, 3.0, 182, 28, 10, 16, 0.456197624211
476, 1, 4.0, 4.0, 377, 46, 22, 12, 0.548852061143
477, 1, 5.0, 5.0, 472, 55, 34, 9, 0.470012253065
478, 1, 4.0, 4.0, 315, 31, 20, 11, 0.536512629764
479, 1, 5.0, 5.0, 476, 92, 27, 12, 0.561091500593
480, 1, 5.0, 4.0, 392, 53, 31, 7, 0.537942893248
481, 1, 5.0, 4.0, 410, 38, 14, 26, 0.510940221428
482, 1, 3.0, 4.0, 208, 35, 13, 13, 0.299546864482
483, 1, 5.0, 5.0, 506, 50, 35, 8, 0.502015362747
484, 1, 4.0, 5.0, 511, 54, 29, 11, 0.485276354411
485, 1, 4.0, 4.0, 315, 32, 17, 15, 0.493997420805
486, 1, 4.0, 4.0, 334, 36, 24, 9, 0.577120783819
487, 1, 4.0, 5.0, 523, 71, 30, 9, 0.496137390293
488, 1, 4.0, 4.0, 532, 43, 39, 7, 0.459774946673
489, 1, 4.0, 4.0, 367, 29, 12, 28, 0.458593158156
490, 1, 3.0, 4.0, 312, 29, 13, 20, 0.420612066351
491, 1, 4.0, 4.0, 279, 29, 13, 19, 0.473042599411
492, 1, 4.0, 5.0, 416, 63, 33, 7, 0.499702207386
493, 1, 4.0, 4.0, 311, 35, 22, 8, 0.588975666325
494, 1, 4.0, 5.0, 329, 48, 20, 11, 0.350228092165
495, 1, 5.0, 4.0, 670, 56, 33, 13, 0.648306463877
496, 1, 6.0, 6.0, 545, 73, 27, 12, 0.588744791718
497, 1, 4.0, 5.0, 416, 46, 36, 3, 0.624665517202
498, 1, 5.0, 5.0, 407, 67, 36, 5, 0.575370060789
499, 1, 4.0, 4.0, 360, 33, 26, 8, 0.541272468712
500, 1, 4.0, 3.0, 129, 17, 5, 25, 0.437091091522
501, 1, 4.0, 4.0, 238, 27, 10, 22, 0.469391214804
502, 1, 5.0, 5.0, 501, 71, 39, 6, 0.595437381818
503, 1, 5.0, 5.0, 413, 41, 28, 8, 0.368919963785
504, 1, 4.0, 3.0, 283, 12, 10, 25, 0.397780725868
505, 1, 6.0, 4.0, 642, 80, 49, 6, 0.605100549666
506, 1, 5.0, 4.0, 310, 49, 17, 14, 0.527738846302
507, 1, 6.0, 5.0, 407, 56, 18, 18, 0.482237730239
508, 1, 4.0, 3.0, 261, 33, 21, 8, 0.466255763559
509, 1, 4.0, 4.0, 260, 25, 14, 15, 0.344724902722
510, 1, 4.0, 4.0, 304, 16, 8, 36, 0.377535161014
511, 1, 4.0, 4.0, 390, 52, 27, 8, 0.500894888571
512, 1, 4.0, 4.0, 223, 27, 16, 10, 0.291568503306
513, 1, 4.0, 4.0, 312, 15, 15, 17, 0.327441866861
514, 1, 4.0, 4.0, 453, 58, 34, 6, 0.567302327759
515, 1, 4.0, 4.0, 390, 31, 27, 8, 0.438688823936
516, 1, 4.0, 4.0, 321, 39, 20, 11, 0.572957829255
517, 1, 6.0, 6.0, 516, 73, 33, 8, 0.628233813289
518, 1, 3.0, 3.0, 275, 15, 11, 22, 0.26606028842
519, 1, 3.0, 4.0, 240, 28, 16, 12, 0.5620139569
520, 1, 5.0, 4.0, 431, 74, 32, 8, 0.571047117016
521, 1, 5.0, 5.0, 487, 48, 24, 13, 0.43533852242
522, 1, 4.0, 4.0, 44, 5, 5, 8, 0.519923462614
523, 1, 5.0, 4.0, 345, 34, 20, 13, 0.457361061024
524, 1, 3.0, 4.0, 286, 31, 15, 16, 0.513630836672
525, 1, 4.0, 4.0, 47, 6, 3, 15, 0.318535432885
526, 1, 3.0, 3.0, 194, 23, 10, 18, 0.361547205362
527, 1, 3.0, 4.0, 229, 28, 6, 37, 0.406918529744
528, 1, 5.0, 5.0, 418, 52, 23, 13, 0.375940818569
529, 1, 4.0, 6.0, 414, 43, 33, 6, 0.527858516744
530, 1, 4.0, 4.0, 394, 44, 23, 12, 0.627947917659
531, 1, 4.0, 4.0, 39, 10, 2, 19, 0.433510216593
532, 1, 6.0, 5.0, 766, 138, 45, 8, 0.523525557486
533, 1, 4.0, 4.0, 358, 37, 18, 15, 0.378243418351
534, 1, 4.0, 4.0, 333, 44, 22, 11, 0.616424786941
535, 1, 4.0, 4.0, 331, 30, 21, 11, 0.519203740489
536, 1, 4.0, 4.0, 336, 27, 16, 18, 0.386047247035
537, 1, 5.0, 4.0, 381, 33, 9, 40, 0.577181279724
538, 1, 4.0, 4.0, 45, 5, 2, 22, 0.400600371455
539, 1, 4.0, 4.0, 429, 37, 34, 7, 0.463688742065
540, 1, 5.0, 5.0, 534, 61, 41, 4, 0.457850876313
541, 1, 4.0, 4.0, 49, 4, 5, 9, 0.188731826208
542, 1, 4.0, 4.0, 341, 51, 18, 15, 0.573012774572
543, 1, 1.0, 1.0, 16, 2, 2, 8, 0.277201409752
544, 1, 3.0, 3.0, 159, 13, 6, 25, 0.411080535957
545, 1, 4.0, 4.0, 373, 51, 23, 10, 0.516968153302
546, 1, 4.0, 4.0, 389, 47, 24, 11, 0.598123502448
547, 1, 4.0, 4.0, 341, 64, 18, 16, 0.364090664094
548, 1, 6.0, 4.0, 603, 76, 39, 8, 0.517789086513
549, 1, 4.0, 4.0, 381, 56, 19, 16, 0.667138629549
550, 1, 3.0, 3.0, 201, 16, 13, 12, 0.293789955897
551, 1, 4.0, 4.0, 412, 46, 22, 13, 0.357558965802
552, 1, 4.0, 4.0, 417, 50, 19, 18, 0.620529442515
553, 1, 5.0, 6.0, 543, 49, 33, 9, 0.393889079307
554, 1, 5.0, 5.0, 539, 57, 34, 7, 0.595837599095
555, 1, 5.0, 5.0, 555, 49, 37, 7, 0.638471113067
556, 1, 5.0, 5.0, 475, 62, 23, 14, 0.569003797966
557, 1, 6.0, 6.0, 503, 76, 25, 13, 0.480879922102
558, 1, 4.0, 4.0, 381, 38, 18, 15, 0.421087221743
559, 1, 4.0, 4.0, 341, 30, 20, 11, 0.382292705679
560, 1, 5.0, 5.0, 494, 57, 31, 11, 0.350374596504
561, 1, 3.0, 4.0, 189, 22, 14, 10, 0.315626442677
562, 1, 4.0, 4.0, 424, 70, 26, 9, 0.663303348623
563, 1, 5.0, 4.0, 471, 45, 27, 11, 0.409766278035
564, 1, 4.0, 4.0, 266, 39, 19, 10, 0.512720253653
565, 1, 4.0, 4.0, 259, 23, 11, 21, 0.518166205275
566, 1, 4.0, 4.0, 421, 47, 26, 10, 0.537479105336
567, 1, 4.0, 4.0, 318, 32, 17, 14, 0.447766305044
568, 1, 4.0, 4.0, 501, 32, 25, 14, 0.38862420139
569, 1, 4.0, 5.0, 374, 57, 23, 12, 0.633535354722
570, 1, 6.0, 5.0, 558, 93, 29, 13, 0.507515476506
571, 1, 5.0, 5.0, 586, 75, 38, 8, 0.608857761772
572, 1, 4.0, 4.0, 256, 31, 28, 5, 0.417439516175
573, 1, 5.0, 5.0, 416, 70, 23, 13, 0.471265098545
574, 1, 4.0, 4.0, 372, 46, 20, 13, 0.578932522187
575, 1, 3.0, 3.0, 152, 13, 6, 24, 0.457241631878
576, 1, 5.0, 4.0, 260, 30, 15, 14, 0.507332635184
577, 1, 4.0, 4.0, 362, 34, 22, 10, 0.350949870539
578, 1, 4.0, 4.0, 493, 31, 31, 9, 0.311166153497
579, 1, 4.0, 4.0, 381, 51, 29, 7, 0.451285279007
580, 1, 6.0, 5.0, 397, 57, 35, 6, 0.590964044715
581, 1, 4.0, 5.0, 511, 31, 20, 21, 0.464453476748
582, 1, 4.0, 5.0, 544, 33, 15, 34, 0.326174625821
583, 1, 5.0, 6.0, 630, 89, 44, 8, 0.663664889847
584, 1, 4.0, 4.0, 301, 25, 20, 11, 0.403455070081
585, 1, 5.0, 4.0, 406, 34, 32, 5, 0.499453044491
586, 1, 5.0, 5.0, 537, 75, 32, 10, 0.392224356538
587, 1, 2.0, 3.0, 101, 13, 6, 15, 0.197995250095
588, 1, 3.0, 3.0, 149, 11, 13, 8, 0.545606626524
589, 1, 4.0, 4.0, 378, 30, 23, 11, 0.611112647756
590, 1, 4.0, 4.0, 240, 36, 27, 4, 0.486757064319
591, 1, 5.0, 5.0, 374, 36, 22, 11, 0.545217262675
592, 1, 3.0, 4.0, 199, 23, 16, 8, 0.281285369928
593, 1, 4.0, 4.0, 270, 60, 15, 14, 0.520482606011
594, 1, 3.0, 3.0, 174, 17, 6, 28, 0.362723609459
595, 1, 4.0, 4.0, 471, 41, 32, 8, 0.460896453743
596, 1, 4.0, 4.0, 346, 24, 20, 12, 0.320482888229
597, 1, 4.0, 4.0, 420, 66, 23, 13, 0.532465551197
598, 1, 3.0, 3.0, 215, 11, 3, 71, 0.487082889618
599, 1, 4.0, 4.0, 215, 18, 15, 10, 0.439742028649
600, 1, 4.0, 4.0, 243, 46, 10, 22, 0.584157985586
601, 1, 6.0, 5.0, 710, 67, 43, 6, 0.316568752324
602, 1, 5.0, 4.0, 36, 11, 4, 8, 0.32497270792
603, 1, 3.0, 3.0, 195, 9, 4, 48, 0.239608345852
604, 1, 4.0, 4.0, 465, 41, 22, 16, 0.512667404947
605, 1, 4.0, 5.0, 444, 44, 26, 10, 0.408675958663
606, 1, 4.0, 3.0, 374, 41, 17, 18, 0.506322261352
607, 1, 4.0, 3.0, 260, 27, 8, 31, 0.35875769737
608, 1, 3.0, 4.0, 261, 23, 16, 12, 0.42205362996
609, 1, 4.0, 5.0, 403, 32, 14, 26, 0.564211296969
610, 1, 5.0, 5.0, 439, 55, 32, 7, 0.549036783898
611, 1, 4.0, 4.0, 348, 46, 26, 8, 0.532714959237
612, 1, 3.0, 3.0, 269, 21, 19, 10, 0.425106051463
613, 1, 4.0, 5.0, 423, 57, 26, 10, 0.617651868039
614, 1, 4.0, 4.0, 333, 23, 9, 36, 0.555590617968
615, 1, 4.0, 5.0, 431, 53, 22, 13, 0.563890720394
616, 1, 4.0, 4.0, 445, 56, 33, 7, 0.430167007719
617, 1, 5.0, 6.0, 571, 94, 35, 9, 0.614853799226
618, 1, 3.0, 4.0, 191, 18, 17, 8, 0.443661984863
619, 1, 4.0, 4.0, 191, 14, 3, 63, 0.528502872279
620, 1, 4.0, 4.0, 274, 36, 20, 9, 0.268717611564
621, 1, 3.0, 3.0, 187, 12, 8, 22, 0.326787322611
622, 1, 4.0, 4.0, 294, 33, 23, 8, 0.502155236123
623, 1, 5.0, 6.0, 458, 43, 23, 14, 0.452222786898
624, 1, 3.0, 4.0, 251, 26, 11, 20, 0.552274365074
625, 1, 4.0, 4.0, 261, 24, 12, 19, 0.398317284625
626, 1, 6.0, 5.0, 289, 38, 18, 11, 0.575700740134
627, 1, 5.0, 6.0, 437, 61, 36, 5, 0.546748786972
628, 1, 4.0, 4.0, 409, 42, 25, 11, 0.582348221597
629, 1, 3.0, 3.0, 182, 15, 15, 10, 0.442695355215
630, 1, 5.0, 5.0, 413, 49, 21, 15, 0.502265206297
631, 1, 4.0, 4.0, 394, 38, 22, 12, 0.515086725265
632, 1, 2.0, 3.0, 178, 7, 3, 59, 0.371666581853
633, 1, 5.0, 5.0, 454, 44, 42, 4, 0.448759692476
634, 1, 4.0, 5.0, 320, 64, 18, 13, 0.483518072106
635, 1, 4.0, 4.0, 354, 42, 27, 7, 0.493058113633
636, 1, 4.0, 4.0, 298, 33, 18, 13, 0.219518264502
637, 1, 3.0, 3.0, 208, 17, 7, 29, 0.446227759104
638, 1, 4.0, 3.0, 311, 30, 14, 19, 0.536298557435
639, 1, 4.0, 3.0, 238, 22, 18, 9, 0.417422467304
640, 1, 4.0, 4.0, 458, 47, 30, 8, 0.533418408015
641, 1, 5.0, 5.0, 536, 81, 35, 8, 0.316424126223
642, 1, 4.0, 4.0, 323, 64, 21, 10, 0.517969739461
643, 1, 4.0, 4.0, 374, 28, 27, 7, 0.321312700689
644, 1, 4.0, 5.0, 307, 36, 15, 18, 0.57237424923
645, 1, 6.0, 5.0, 299, 43, 18, 13, 0.51327331691
646, 1, 3.0, 3.0, 181, 14, 22, 6, 0.182012692069
647, 1, 4.0, 4.0, 282, 19, 17, 12, 0.520006539173
648, 1, 5.0, 5.0, 457, 58, 30, 10, 0.435340187841
649, 1, 4.0, 4.0, 44, 7, 4, 10, 0.339970569934
650, 1, 5.0, 4.0, 228, 27, 18, 9, 0.498990132034
651, 1, 4.0, 4.0, 45, 7, 4, 11, 0.25375984701
652, 1, 5.0, 5.0, 454, 70, 34, 7, 0.58071758348
653, 1, 3.0, 4.0, 219, 27, 13, 13, 0.518784468643
654, 1, 4.0, 5.0, 438, 23, 16, 24, 0.403450369396
655, 1, 5.0, 4.0, 397, 33, 26, 9, 0.468182039118
656, 1, 4.0, 4.0, 45, 7, 2, 22, 0.373054115052
657, 1, 5.0, 5.0, 406, 49, 24, 11, 0.615749185757
658, 1, 6.0, 5.0, 463, 64, 30, 9, 0.592999013984
659, 1, 4.0, 4.0, 264, 27, 15, 13, 0.369251089869
660, 1, 3.0, 3.0, 200, 20, 9, 20, 0.317873389679
661, 1, 4.0, 4.0, 389, 38, 21, 13, 0.310386060356
662, 1, 4.0, 5.0, 446, 44, 26, 11, 0.404935353405
663, 1, 3.0, 4.0, 248, 15, 14, 15, 0.50064005307
664, 1, 4.0, 4.0, 422, 47, 19, 17, 0.595407924892
665, 1, 4.0, 5.0, 373, 36, 18, 17, 0.497008743733
666, 1, 5.0, 5.0, 404, 68, 36, 6, 0.561173028122
667, 1, 4.0, 4.0, 43, 7, 3, 14, 0.49936906386
668, 1, 4.0, 4.0, 388, 36, 19, 17, 0.473412407898
669, 1, 4.0, 4.0, 258, 42, 15, 13, 0.409348464934
670, 1, 4.0, 5.0, 433, 50, 25, 11, 0.527205073075
671, 1, 3.0, 3.0, 124, 13, 8, 14, 0.448695239349
672, 1, 4.0, 4.0, 226, 32, 19, 8, 0.408275385788
673, 1, 4.0, 4.0, 427, 28, 15, 25, 0.364983227292
674, 1, 4.0, 4.0, 241, 20, 11, 20, 0.391829066533
675, 1, 4.0, 4.0, 283, 21, 12, 21, 0.278784977606
676, 1, 4.0, 4.0, 561, 38, 24, 18, 0.336602794882
677, 1, 4.0, 4.0, 337, 26, 23, 10, 0.415622030376
678, 1, 5.0, 4.0, 490, 42, 19, 20, 0.577493745168
679, 1, 4.0, 4.0, 360, 28, 21, 12, 0.503233317732
680, 1, 5.0, 6.0, 521, 49, 35, 7, 0.535181380706
681, 1, 5.0, 5.0, 522, 39, 42, 4, 0.370161979929
682, 1, 4.0, 4.0, 320, 47, 24, 8, 0.614890928737
683, 1, 4.0, 4.0, 321, 74, 21, 11, 0.468929466373
684, 1, 5.0, 4.0, 406, 34, 26, 10, 0.462680949258
685, 1, 4.0, 4.0, 330, 14, 23, 10, 0.337072370909
686, 1, 4.0, 5.0, 289, 40, 14, 17, 0.302820633745
687, 1, 4.0, 4.0, 406, 31, 22, 13, 0.270571272908
688, 1, 5.0, 4.0, 365, 39, 27, 6, 0.455823713857
689, 1, 3.0, 3.0, 176, 12, 6, 28, 0.401288532796
690, 1, 3.0, 3.0, 183, 22, 3, 60, 0.397038843207
691, 1, 4.0, 4.0, 44, 4, 2, 22, 0.352078811072
692, 1, 4.0, 4.0, 334, 45, 24, 8, 0.657879164269
693, 1, 5.0, 4.0, 376, 48, 23, 11, 0.528536337944
694, 1, 4.0, 4.0, 265, 24, 16, 13, 0.395621134834
695, 1, 4.0, 4.0, 357, 42, 25, 9, 0.509352166737
696, 1, 3.0, 3.0, 242, 15, 6, 39, 0.317052395195
697, 1, 6.0, 6.0, 788, 105, 44, 10, 0.540594375571
698, 1, 4.0, 4.0, 282, 15, 16, 14, 0.404572781651
699, 1, 4.0, 4.0, 42, 6, 4, 9, 0.0930146343811
700, 1, 3.0, 3.0, 163, 22, 7, 22, 0.506655948938
701, 1, 4.0, 4.0, 387, 41, 20, 14, 0.40260834579
702, 1, 3.0, 4.0, 235, 12, 12, 17, 0.168697681941
703, 1, 4.0, 4.0, 449, 51, 28, 10, 0.490028633361
704, 1, 5.0, 5.0, 423, 68, 35, 6, 0.646856909707
705, 1, 4.0, 4.0, 351, 17, 14, 21, 0.272945959215
706, 1, 4.0, 5.0, 366, 29, 21, 13, 0.52915149002
707, 1, 5.0, 5.0, 559, 68, 35, 8, 0.443441682962
708, 1, 6.0, 5.0, 406, 53, 28, 8, 0.471550262183
709, 1, 5.0, 5.0, 447, 35, 21, 17, 0.318372588816
710, 1, 4.0, 5.0, 391, 31, 22, 14, 0.545148698814
711, 1, 5.0, 5.0, 341, 24, 22, 9, 0.443622718935
712, 1, 4.0, 5.0, 406, 50, 25, 9, 0.535327640853
713, 1, 4.0, 4.0, 164, 14, 13, 9, 0.271152654998
714, 1, 5.0, 4.0, 336, 28, 25, 7, 0.484879339324
715, 1, 4.0, 4.0, 269, 38, 29, 5, 0.53318718758
716, 1, 5.0, 5.0, 475, 65, 29, 9, 0.549470347305
717, 1, 3.0, 4.0, 267, 37, 17, 13, 0.493365349234
718, 1, 5.0, 5.0, 566, 54, 26, 15, 0.575573227267
719, 1, 5.0, 4.0, 395, 56, 21, 14, 0.629559033198
720, 1, 5.0, 5.0, 589, 90, 39, 8, 0.515222739573
721, 1, 5.0, 5.0, 546, 69, 31, 11, 0.677666938104
722, 1, 4.0, 4.0, 42, 9, 3, 14, 0.50827672545
723, 1, 3.0, 3.0, 174, 14, 8, 20, 0.400566770675
724, 1, 5.0, 5.0, 351, 37, 23, 10, 0.43832292721
725, 1, 3.0, 3.0, 155, 18, 8, 18, 0.275725063005
726, 1, 4.0, 4.0, 342, 36, 20, 10, 0.571846537105
727, 1, 3.0, 4.0, 202, 26, 16, 9, 0.486531682208
728, 1, 5.0, 5.0, 536, 74, 29, 11, 0.419596900423
729, 1, 4.0, 4.0, 505, 56, 25, 14, 0.445455522286
730, 1, 4.0, 5.0, 316, 29, 17, 15, 0.499742129466
731, 1, 4.0, 4.0, 120, 13, 9, 11, 0.160697690194
732, 1, 5.0, 5.0, 470, 55, 34, 5, 0.304362131978
733, 1, 5.0, 4.0, 467, 60, 23, 15, 0.503215037501
734, 1, 5.0, 5.0, 404, 38, 25, 10, 0.465408341912
735, 1, 4.0, 4.0, 403, 43, 27, 9, 0.573244107616
736, 1, 3.0, 3.0, 245, 27, 10, 21, 0.425860815042
737, 1, 5.0, 4.0, 341, 37, 28, 7, 0.449995238165
738, 1, 4.0, 4.0, 476, 54, 19, 21, 0.368086670441
739, 1, 4.0, 4.0, 309, 47, 16, 16, 0.475949464443
740, 1, 5.0, 5.0, 582, 23, 41, 6, 0.349467551436
741, 1, 5.0, 5.0, 454, 48, 27, 11, 0.399959494302
742, 1, 5.0, 4.0, 325, 35, 20, 12, 0.448909126825
743, 1, 5.0, 4.0, 476, 41, 14, 31, 0.369642720996
744, 1, 4.0, 4.0, 343, 30, 23, 10, 0.519269045472
745, 1, 4.0, 4.0, 219, 28, 15, 11, 0.562822653313
746, 1, 4.0, 4.0, 51, 3, 4, 12, 0.176306096139
747, 1, 5.0, 5.0, 468, 57, 38, 6, 0.450367425273
748, 1, 4.0, 4.0, 360, 27, 16, 19, 0.361875715233
749, 1, 4.0, 4.0, 345, 30, 18, 15, 0.414575905059
750, 1, 3.0, 4.0, 209, 20, 11, 16, 0.493167232744
751, 1, 4.0, 4.0, 282, 29, 9, 29, 0.451963326982
752, 1, 5.0, 4.0, 370, 58, 23, 11, 0.51239568403
753, 1, 4.0, 5.0, 532, 64, 29, 12, 0.562788406823
754, 1, 4.0, 4.0, 316, 37, 12, 23, 0.469189849463
755, 1, 4.0, 5.0, 394, 57, 25, 10, 0.354386330734
756, 1, 4.0, 4.0, 361, 26, 22, 12, 0.36836256784
757, 1, 6.0, 4.0, 369, 77, 25, 9, 0.468496384169
758, 1, 4.0, 5.0, 364, 28, 19, 15, 0.44780392429
759, 1, 4.0, 4.0, 280, 34, 15, 16, 0.375682902039
760, 1, 5.0, 5.0, 452, 70, 36, 5, 0.488385428717
761, 1, 4.0, 4.0, 225, 33, 24, 6, 0.480083819003
762, 1, 5.0, 4.0, 575, 55, 30, 13, 0.418409617607
763, 1, 4.0, 3.0, 248, 16, 20, 8, 0.407654713976
764, 1, 4.0, 4.0, 260, 20, 9, 27, 0.32328578208
765, 1, 4.0, 4.0, 352, 26, 25, 7, 0.49497117539
766, 1, 4.0, 4.0, 446, 37, 17, 23, 0.316855924784
767, 1, 5.0, 5.0, 537, 86, 31, 12, 0.51003604952
768, 1, 4.0, 4.0, 329, 36, 25, 8, 0.432584006619
769, 1, 5.0, 4.0, 448, 52, 22, 15, 0.524233975551
770, 1, 5.0, 5.0, 504, 61, 32, 9, 0.70013810895
771, 1, 4.0, 4.0, 433, 46, 28, 9, 0.49580215617
772, 1, 4.0, 4.0, 388, 41, 19, 14, 0.604345372067
773, 1, 3.0, 4.0, 216, 13, 24, 5, 0.275589522924
774, 1, 3.0, 4.0, 188, 21, 6, 30, 0.355694964129
775, 1, 5.0, 5.0, 534, 76, 45, 3, 0.583914470682
776, 1, 5.0, 4.0, 435, 57, 24, 12, 0.536082483481
777, 1, 4.0, 4.0, 317, 36, 18, 14, 0.525070330518
778, 1, 5.0, 4.0, 482, 56, 19, 21, 0.600327637665
779, 1, 5.0, 5.0, 529, 42, 29, 12, 0.451519457252
780, 1, 6.0, 5.0, 496, 57, 35, 7, 0.461245950976
781, 1, 3.0, 4.0, 290, 23, 14, 18, 0.431786752624
782, 1, 5.0, 5.0, 552, 81, 30, 12, 0.495044741638
783, 1, 4.0, 4.0, 455, 50, 22, 16, 0.554554808681
784, 1, 4.0, 4.0, 289, 51, 24, 7, 0.503215466862
785, 1, 4.0, 4.0, 365, 48, 21, 13, 0.378442390226
786, 1, 4.0, 4.0, 365, 36, 15, 20, 0.561967285263
787, 1, 3.0, 4.0, 228, 18, 6, 37, 0.477545954538
788, 1, 5.0, 4.0, 421, 50, 27, 10, 0.447551587228
789, 1, 4.0, 4.0, 49, 4, 2, 24, 0.2434652972
790, 1, 4.0, 4.0, 334, 43, 25, 9, 0.425223909963
791, 1, 5.0, 6.0, 499, 76, 32, 11, 0.342271500798
792, 1, 4.0, 4.0, 412, 32, 29, 7, 0.496440906255
793, 1, 4.0, 4.0, 394, 44, 26, 9, 0.538876389025
794, 1, 4.0, 4.0, 316, 48, 26, 6, 0.432194117296
795, 1, 5.0, 5.0, 511, 43, 36, 5, 0.450401116827
796, 1, 5.0, 4.0, 686, 44, 34, 13, 0.528192225373
797, 1, 4.0, 4.0, 288, 25, 14, 18, 0.436962941512
798, 1, 5.0, 5.0, 420, 50, 19, 17, 0.574410560361
799, 1, 4.0, 5.0, 488, 36, 46, 4, 0.452550086568
800, 1, 4.0, 4.0, 327, 33, 22, 11, 0.500279857472
801, 1, 3.0, 3.0, 268, 18, 18, 10, 0.494070371913
802, 1, 4.0, 4.0, 200, 21, 15, 10, 0.537035491746
803, 1, 4.0, 5.0, 422, 51, 27, 10, 0.257058617004
804, 1, 3.0, 3.0, 207, 27, 21, 6, 0.630339058913
805, 1, 6.0, 5.0, 459, 33, 33, 7, 0.477381536477
806, 1, 4.0, 3.0, 213, 22, 18, 7, 0.420854141228
807, 1, 4.0, 5.0, 359, 46, 36, 5, 0.507382870054
808, 1, 4.0, 4.0, 306, 53, 24, 7, 0.572689562662
809, 1, 4.0, 4.0, 330, 36, 19, 12, 0.510699694962
810, 1, 4.0, 4.0, 246, 30, 13, 16, 0.462114880512
811, 1, 4.0, 4.0, 309, 26, 12, 23, 0.423262435952
812, 1, 4.0, 4.0, 377, 39, 25, 10, 0.576851170667
813, 1, 5.0, 5.0, 399, 56, 32, 5, 0.450007925168
814, 1, 5.0, 4.0, 369, 61, 18, 15, 0.584265254046
815, 1, 6.0, 6.0, 620, 62, 44, 6, 0.630023275344
816, 1, 4.0, 4.0, 243, 32, 17, 9, 0.55576231555
817, 1, 4.0, 4.0, 294, 25, 16, 15, 0.427608672897
818, 1, 2.0, 3.0, 174, 14, 7, 24, 0.312325922334
819, 1, 5.0, 4.0, 337, 40, 21, 10, 0.58981619319
820, 1, 4.0, 4.0, 354, 30, 11, 29, 0.224420844479
821, 1, 4.0, 4.0, 338, 24, 20, 13, 0.461741006467
822, 1, 4.0, 5.0, 499, 38, 33, 8, 0.386829102511
823, 1, 3.0, 3.0, 229, 10, 17, 9, 0.146048076368
824, 1, 5.0, 5.0, 337, 70, 24, 9, 0.48080517252
825, 1, 3.0, 3.0, 118, 14, 9, 11, 0.42002784866
826, 1, 4.0, 5.0, 592, 90, 45, 5, 0.57474255291
827, 1, 4.0, 4.0, 378, 42, 23, 11, 0.52751180724
828, 1, 5.0, 5.0, 380, 55, 28, 7, 0.482787312533
829, 1, 4.0, 4.0, 344, 29, 27, 6, 0.33375711328
830, 1, 1.0, 1.0, 20, 1, 1, 20, 0.267398790251
831, 1, 5.0, 4.0, 532, 69, 33, 10, 0.49568893081
832, 1, 5.0, 5.0, 511, 66, 36, 7, 0.625294831663
833, 1, 5.0, 5.0, 548, 42, 27, 15, 0.334971759427
834, 1, 4.0, 4.0, 334, 21, 26, 7, 0.357304470855
835, 1, 4.0, 4.0, 465, 22, 13, 33, 0.200926284613
836, 1, 2.0, 3.0, 98, 8, 7, 12, 0.204907534215
837, 1, 5.0, 5.0, 485, 81, 32, 6, 0.56916729808
838, 1, 4.0, 4.0, 347, 46, 21, 12, 0.490856969751
839, 1, 3.0, 4.0, 184, 14, 11, 14, 0.377577598293
840, 1, 4.0, 4.0, 47, 5, 5, 8, 0.242933225883
841, 1, 4.0, 4.0, 327, 21, 15, 18, 0.584728481848
842, 1, 4.0, 4.0, 304, 29, 30, 3, 0.47186126184
843, 1, 5.0, 5.0, 401, 41, 26, 9, 0.397595175549
844, 1, 4.0, 4.0, 316, 23, 17, 14, 0.319888960007
845, 1, 6.0, 6.0, 42, 6, 4, 10, 0.293680444084
846, 1, 3.0, 3.0, 228, 15, 16, 10, 0.350731567271
847, 1, 3.0, 4.0, 202, 24, 8, 23, 0.506758613973
848, 1, 5.0, 5.0, 409, 58, 32, 5, 0.544122565483
849, 1, 5.0, 4.0, 44, 7, 3, 14, 0.385065791824
850, 1, 5.0, 5.0, 38, 8, 4, 9, 0.339621205624
851, 1, 4.0, 5.0, 470, 39, 29, 9, 0.46433265657
852, 1, 3.0, 5.0, 434, 34, 36, 6, 0.382441181155
853, 1, 4.0, 4.0, 266, 43, 15, 15, 0.574491636466
854, 1, 5.0, 5.0, 435, 47, 20, 18, 0.295489316075
855, 1, 4.0, 4.0, 187, 15, 6, 30, 0.590459255702
856, 1, 5.0, 4.0, 44, 6, 3, 14, 0.428293475632
857, 1, 6.0, 6.0, 527, 91, 33, 8, 0.552428693529
858, 1, 4.0, 4.0, 299, 38, 24, 7, 0.300854145386
859, 1, 4.0, 4.0, 273, 40, 19, 9, 0.234673887383
860, 1, 4.0, 4.0, 404, 37, 17, 20, 0.467069599562
861, 1, 4.0, 6.0, 670, 56, 29, 15, 0.454115872294
862, 1, 5.0, 5.0, 431, 46, 23, 13, 0.554482547036
863, 1, 4.0, 4.0, 341, 18, 18, 14, 0.302603860025
864, 1, 3.0, 4.0, 233, 35, 17, 10, 0.455312446208
865, 1, 4.0, 4.0, 344, 30, 17, 17, 0.402523098819
866, 1, 6.0, 6.0, 42, 7, 5, 8, 0.329685416178
867, 1, 3.0, 3.0, 145, 11, 4, 35, 0.184684688469
868, 1, 4.0, 5.0, 413, 43, 19, 17, 0.591302268772
869, 1, 5.0, 5.0, 484, 64, 45, 4, 0.587812020392
870, 1, 4.0, 4.0, 266, 46, 19, 9, 0.606543969098
871, 1, 5.0, 4.0, 336, 35, 16, 18, 0.470906655375
872, 1, 6.0, 6.0, 533, 94, 39, 5, 0.657082539507
873, 1, 5.0, 6.0, 638, 97, 34, 11, 0.51487895897
874, 1, 4.0, 4.0, 305, 28, 29, 4, 0.39226973779
875, 1, 6.0, 5.0, 497, 67, 24, 15, 0.567689231282
876, 1, 4.0, 5.0, 364, 62, 24, 11, 0.51463242751
877, 1, 4.0, 4.0, 387, 56, 21, 12, 0.622497248198
878, 1, 5.0, 5.0, 398, 42, 25, 11, 0.60117088764
879, 1, 4.0, 4.0, 274, 47, 20, 9, 0.674158234528
880, 1, 5.0, 4.0, 392, 36, 24, 10, 0.58568641517
881, 1, 5.0, 4.0, 40, 8, 3, 13, 0.153811455691
882, 1, 4.0, 4.0, 317, 28, 15, 18, 0.513394420313
883, 1, 3.0, 4.0, 413, 36, 16, 22, 0.458374507512
884, 1, 6.0, 5.0, 474, 72, 25, 12, 0.672919704991
885, 1, 4.0, 5.0, 344, 57, 35, 5, 0.581057541456
886, 1, 5.0, 5.0, 502, 58, 29, 9, 0.404861851479
887, 1, 4.0, 4.0, 42, 6, 5, 7, 0.311209470528
888, 1, 4.0, 4.0, 356, 37, 23, 10, 0.464711450104
889, 1, 5.0, 4.0, 476, 75, 38, 6, 0.709344018337
890, 1, 5.0, 5.0, 468, 68, 34, 7, 0.547843097814
891, 1, 2.0, 2.0, 137, 26, 15, 6, 0.510348729413
892, 1, 5.0, 5.0, 306, 35, 21, 9, 0.627697370364
893, 1, 6.0, 4.0, 534, 70, 29, 12, 0.599414690679
894, 1, 4.0, 4.0, 241, 30, 12, 17, 0.532056781437
895, 1, 4.0, 5.0, 543, 66, 37, 7, 0.62046031509
896, 1, 4.0, 4.0, 363, 29, 14, 22, 0.45504463091
897, 1, 4.0, 4.0, 367, 40, 28, 8, 0.60029434369
898, 1, 5.0, 5.0, 356, 58, 22, 10, 0.578689008456
899, 1, 4.0, 4.0, 338, 31, 8, 40, 0.177686724375
900, 1, 5.0, 5.0, 490, 40, 29, 9, 0.530487211447
901, 1, 4.0, 4.0, 327, 29, 20, 12, 0.542564058483
902, 1, 4.0, 4.0, 353, 26, 15, 19, 0.386828149026
903, 1, 3.0, 3.0, 185, 19, 9, 19, 0.507603979039
904, 1, 6.0, 5.0, 493, 69, 30, 9, 0.492783851039
905, 1, 5.0, 4.0, 363, 49, 19, 15, 0.643229848728
906, 1, 5.0, 5.0, 523, 72, 26, 14, 0.487893158621
907, 1, 5.0, 5.0, 459, 52, 33, 6, 0.506366091114
908, 1, 4.0, 4.0, 46, 6, 4, 11, 0.388403186799
909, 1, 4.0, 4.0, 219, 18, 15, 12, 0.319671482956
910, 1, 5.0, 5.0, 39, 9, 3, 12, 0.408169703505
911, 1, 5.0, 5.0, 584, 100, 32, 10, 0.690438840804
912, 1, 5.0, 4.0, 390, 37, 20, 16, 0.49503480887
913, 1, 5.0, 5.0, 513, 61, 29, 10, 0.699296684423
914, 1, 6.0, 5.0, 535, 80, 37, 7, 0.650265504489
915, 1, 3.0, 3.0, 42, 4, 2, 21, 0.401884082584
916, 1, 5.0, 5.0, 680, 69, 40, 10, 0.529996089385
917, 1, 5.0, 6.0, 397, 44, 22, 12, 0.506910512169
918, 1, 4.0, 4.0, 431, 58, 31, 7, 0.565687735307
919, 1, 4.0, 4.0, 255, 26, 20, 9, 0.563937370167
920, 1, 4.0, 4.0, 340, 48, 22, 10, 0.505364501542
921, 1, 3.0, 3.0, 203, 33, 16, 9, 0.440825200522
922, 1, 4.0, 4.0, 447, 47, 17, 22, 0.515881457061
923, 1, 4.0, 3.0, 238, 25, 18, 8, 0.26071472858
924, 1, 4.0, 3.0, 218, 19, 15, 10, 0.446967490956
925, 1, 3.0, 4.0, 260, 33, 18, 9, 0.481785581258
926, 1, 5.0, 5.0, 352, 57, 29, 6, 0.544958746828
927, 1, 5.0, 5.0, 425, 50, 39, 4, 0.597272934338
928, 1, 4.0, 4.0, 267, 33, 19, 11, 0.475322553279
929, 1, 4.0, 4.0, 285, 38, 19, 10, 0.644018498426
930, 1, 6.0, 6.0, 618, 69, 32, 10, 0.466030299791
931, 1, 4.0, 4.0, 242, 34, 17, 8, 0.45947875753
932, 1, 4.0, 4.0, 353, 48, 23, 10, 0.588769456301
933, 1, 4.0, 5.0, 491, 62, 25, 13, 0.50792996099
934, 1, 3.0, 4.0, 225, 15, 9, 23, 0.496237179071
935, 1, 5.0, 6.0, 488, 71, 21, 17, 0.519161476673
936, 1, 6.0, 5.0, 472, 70, 28, 9, 0.366514609366
937, 1, 3.0, 3.0, 185, 15, 8, 21, 0.380735795013
938, 1, 4.0, 4.0, 392, 42, 15, 22, 0.386765449476
939, 1, 6.0, 6.0, 38, 8, 2, 19, 0.28216478962
940, 1, 5.0, 4.0, 460, 81, 30, 8, 0.56918182635
941, 1, 4.0, 5.0, 370, 38, 21, 12, 0.396381996693
942, 1, 4.0, 4.0, 264, 10, 10, 25, 0.400354563796
943, 1, 4.0, 4.0, 270, 31, 25, 6, 0.452623474632
944, 1, 4.0, 4.0, 432, 37, 31, 7, 0.374486531724
945, 1, 5.0, 5.0, 457, 59, 36, 6, 0.521763367191
946, 1, 4.0, 5.0, 447, 66, 24, 14, 0.53182698842
947, 1, 4.0, 4.0, 353, 35, 24, 8, 0.493411897846
948, 1, 5.0, 5.0, 452, 63, 27, 10, 0.5204788675
949, 1, 3.0, 4.0, 469, 35, 27, 12, 0.482746458475
950, 1, 4.0, 4.0, 418, 30, 25, 10, 0.329541570556
951, 1, 6.0, 6.0, 427, 76, 26, 11, 0.618630395196
952, 1, 5.0, 5.0, 502, 62, 21, 19, 0.518868052939
953, 1, 4.0, 4.0, 343, 34, 23, 9, 0.535533372187
954, 1, 5.0, 4.0, 375, 36, 32, 6, 0.58451193652
955, 1, 4.0, 5.0, 404, 42, 23, 12, 0.458201932103
956, 1, 4.0, 4.0, 274, 31, 18, 11, 0.406827725405
957, 1, 5.0, 4.0, 395, 67, 23, 11, 0.284540617919
958, 1, 4.0, 3.0, 225, 20, 12, 16, 0.405846749647
959, 1, 4.0, 4.0, 369, 36, 28, 7, 0.416509112779
960, 1, 4.0, 5.0, 429, 31, 28, 8, 0.492329195823
961, 1, 4.0, 4.0, 282, 29, 12, 21, 0.426314970421
962, 1, 5.0, 6.0, 519, 63, 33, 10, 0.630323077854
963, 1, 4.0, 3.0, 347, 30, 19, 15, 0.298194675372
964, 1, 3.0, 4.0, 229, 32, 15, 11, 0.418330712316
965, 1, 6.0, 5.0, 437, 85, 33, 6, 0.569768345556
966, 1, 5.0, 4.0, 339, 36, 21, 11, 0.358162668532
967, 1, 4.0, 4.0, 272, 31, 24, 6, 0.438494411771
968, 1, 5.0, 6.0, 637, 78, 33, 12, 0.242432805181
969, 1, 4.0, 5.0, 335, 44, 24, 8, 0.609577927586
970, 1, 4.0, 4.0, 503, 37, 26, 13, 0.583752493711
971, 1, 3.0, 3.0, 230, 21, 18, 9, 0.563533732424
972, 1, 1.0, 1.0, 56, 5, 3, 18, 0.173469620518
973, 1, 4.0, 4.0, 261, 33, 15, 15, 0.585753680461
974, 1, 4.0, 4.0, 337, 29, 17, 16, 0.469159888856
975, 1, 3.0, 4.0, 256, 15, 23, 5, 0.475796677104
976, 1, 4.0, 4.0, 252, 19, 12, 18, 0.263775617265
977, 1, 5.0, 5.0, 497, 57, 42, 5, 0.612221242835
978, 1, 5.0, 5.0, 505, 44, 35, 5, 0.563235640661
979, 1, 4.0, 4.0, 307, 37, 14, 20, 0.51963992787
980, 1, 4.0, 4.0, 309, 35, 14, 18, 0.469760911072
981, 1, 4.0, 4.0, 605, 44, 36, 8, 0.536113223145
982, 1, 4.0, 4.0, 314, 38, 29, 4, 0.637850563799
983, 1, 4.0, 5.0, 411, 59, 27, 8, 0.455628672377
984, 1, 6.0, 5.0, 605, 72, 41, 7, 0.690906461378
985, 1, 4.0, 4.0, 334, 38, 23, 9, 0.450875090334
986, 1, 4.0, 4.0, 307, 26, 21, 10, 0.459057754415
987, 1, 5.0, 4.0, 42, 9, 4, 9, 0.360311476111
988, 1, 4.0, 4.0, 326, 36, 32, 4, 0.500537298633
989, 1, 3.0, 3.0, 48, 4, 3, 15, 0.289615904128
990, 1, 3.0, 2.0, 104, 12, 4, 25, 0.37548808754
991, 1, 4.0, 5.0, 299, 32, 25, 7, 0.636849221004
992, 1, 4.0, 5.0, 409, 38, 18, 18, 0.334483645329
993, 1, 2.0, 2.0, 126, 5, 5, 25, 0.319420424988
994, 1, 3.0, 4.0, 343, 38, 15, 19, 0.578098160206
995, 1, 5.0, 5.0, 463, 45, 27, 12, 0.423027682494
996, 1, 5.0, 4.0, 482, 99, 30, 12, 0.453434270612
997, 1, 6.0, 6.0, 590, 86, 36, 8, 0.619213612759
998, 1, 6.0, 6.0, 740, 143, 41, 11, 0.630051934726
999, 1, 4.0, 4.0, 334, 34, 24, 8, 0.524456320593
1000, 1, 4.0, 4.0, 349, 35, 27, 8, 0.575646327211
1001, 1, 5.0, 4.0, 370, 44, 21, 13, 0.473043018792
1002, 1, 3.0, 3.0, 169, 25, 6, 27, 0.490345065867
1003, 1, 4.0, 5.0, 252, 29, 23, 7, 0.609652108075
1004, 1, 4.0, 4.0, 442, 53, 31, 8, 0.500423889079
1005, 1, 5.0, 5.0, 371, 58, 27, 7, 0.3974585739
1006, 1, 5.0, 5.0, 507, 31, 15, 32, 0.363981576296
1007, 1, 4.0, 4.0, 429, 43, 28, 8, 0.465609802653
1008, 1, 4.0, 4.0, 265, 19, 6, 43, 0.482297746631
1009, 1, 4.0, 4.0, 411, 51, 27, 10, 0.522636246398
1010, 1, 5.0, 4.0, 358, 47, 35, 5, 0.528196044192
1011, 1, 3.0, 4.0, 338, 13, 19, 14, 0.364886242974
1012, 1, 4.0, 4.0, 360, 41, 27, 6, 0.530278108887
1013, 1, 5.0, 5.0, 509, 30, 36, 6, 0.469517685972
1014, 1, 4.0, 4.0, 276, 25, 20, 9, 0.310691937835
1015, 1, 4.0, 4.0, 368, 34, 25, 9, 0.433560965494
1016, 1, 5.0, 5.0, 515, 85, 32, 8, 0.61721817882
1017, 1, 5.0, 5.0, 381, 38, 24, 11, 0.43231595629
1018, 1, 4.0, 4.0, 262, 17, 12, 19, 0.395766783055
1019, 1, 4.0, 5.0, 443, 44, 22, 15, 0.603287134211
1020, 1, 6.0, 5.0, 622, 69, 35, 9, 0.489994919713
1021, 1, 4.0, 4.0, 279, 12, 17, 12, 0.342108726256
1022, 1, 4.0, 5.0, 428, 40, 29, 9, 0.414532415948
1023, 1, 4.0, 4.0, 339, 40, 17, 16, 0.488933401113
1024, 1, 5.0, 5.0, 428, 46, 37, 4, 0.466535533676
1025, 1, 4.0, 4.0, 367, 25, 29, 6, 0.343164143032
1026, 1, 4.0, 6.0, 559, 77, 38, 7, 0.64840022968
1027, 1, 5.0, 5.0, 465, 58, 23, 15, 0.47744689657
1028, 1, 4.0, 4.0, 198, 29, 11, 16, 0.452071083199
1029, 1, 5.0, 4.0, 467, 33, 27, 10, 0.558175860664
1030, 1, 4.0, 4.0, 445, 55, 23, 16, 0.412048263796
1031, 1, 5.0, 5.0, 465, 74, 39, 6, 0.552653869127
1032, 1, 4.0, 4.0, 448, 35, 16, 25, 0.562872142261
1033, 1, 4.0, 4.0, 216, 41, 15, 11, 0.413412556409
1034, 1, 5.0, 4.0, 367, 48, 25, 8, 0.613302650065
1035, 1, 4.0, 4.0, 244, 16, 8, 29, 0.283699883725
1036, 1, 6.0, 5.0, 565, 61, 34, 10, 0.629838663783
1037, 1, 4.0, 4.0, 381, 31, 25, 10, 0.446364960801
1038, 1, 3.0, 3.0, 140, 17, 12, 9, 0.336477601339
1039, 1, 3.0, 3.0, 328, 18, 4, 82, 0.42397469083
1040, 1, 4.0, 4.0, 340, 45, 18, 15, 0.569750903123
1041, 1, 4.0, 5.0, 569, 59, 29, 11, 0.566467861097
1042, 1, 3.0, 4.0, 267, 30, 22, 6, 0.442708604945
1043, 1, 5.0, 4.0, 355, 40, 28, 6, 0.406593733911
1044, 1, 4.0, 5.0, 333, 45, 31, 4, 0.578961106345
1045, 1, 5.0, 6.0, 463, 84, 33, 8, 0.485454771594
1046, 1, 5.0, 5.0, 515, 58, 43, 5, 0.529965147373
1047, 1, 5.0, 5.0, 573, 61, 25, 17, 0.544923555207
1048, 1, 6.0, 5.0, 546, 83, 31, 11, 0.483029755931
1049, 1, 3.0, 4.0, 307, 19, 13, 19, 0.488896873268
1050, 1, 4.0, 5.0, 410, 60, 23, 12, 0.284094409191
1051, 1, 4.0, 5.0, 397, 48, 28, 8, 0.500414354031
1052, 1, 4.0, 4.0, 258, 33, 22, 7, 0.374165281484
1053, 1, 4.0, 4.0, 371, 24, 21, 13, 0.31398096263
1054, 1, 3.0, 3.0, 206, 19, 18, 7, 0.364586368067
1055, 1, 5.0, 5.0, 506, 49, 37, 5, 0.435156258645
1056, 1, 4.0, 4.0, 360, 42, 21, 12, 0.560244532624
1057, 1, 4.0, 4.0, 246, 20, 8, 29, 0.410430866292
1058, 1, 4.0, 4.0, 269, 24, 17, 12, 0.508271944009
1059, 1, 4.0, 4.0, 400, 15, 25, 10, 0.299168146635
1060, 1, 5.0, 5.0, 353, 40, 27, 6, 0.532638321823
1061, 1, 5.0, 5.0, 461, 42, 31, 8, 0.377008088613
1062, 1, 4.0, 5.0, 454, 77, 29, 8, 0.502061989994
1063, 1, 3.0, 4.0, 205, 19, 13, 12, 0.272259254529
1064, 1, 5.0, 4.0, 49, 3, 5, 9, 0.25273090617
1065, 1, 5.0, 4.0, 350, 44, 34, 4, 0.500569421617
1066, 1, 5.0, 4.0, 525, 39, 32, 8, 0.59843194041
1067, 1, 5.0, 5.0, 39, 8, 4, 9, 0.488100314034
1068, 1, 4.0, 3.0, 262, 15, 11, 21, 0.298361333173
1069, 1, 4.0, 4.0, 254, 30, 14, 14, 0.414200280128
1070, 1, 4.0, 4.0, 328, 24, 22, 9, 0.401434468495
1071, 1, 4.0, 4.0, 359, 42, 20, 13, 0.452129507123
1072, 1, 4.0, 4.0, 390, 31, 25, 10, 0.445339520761
1073, 1, 4.0, 4.0, 332, 32, 20, 11, 0.577261006472
1074, 1, 5.0, 5.0, 512, 63, 27, 12, 0.642774163933
1075, 1, 4.0, 4.0, 401, 26, 13, 28, 0.422628927398
1076, 1, 6.0, 6.0, 682, 84, 41, 9, 0.526336171481
1077, 1, 4.0, 4.0, 298, 20, 11, 25, 0.421874927995
1078, 1, 4.0, 4.0, 345, 29, 22, 11, 0.345936023625
1079, 1, 4.0, 3.0, 200, 23, 19, 7, 0.62485434526
1080, 1, 4.0, 5.0, 329, 26, 23, 9, 0.268261729231
1081, 1, 3.0, 4.0, 268, 11, 22, 8, 0.310172135593
1082, 1, 4.0, 5.0, 337, 46, 15, 19, 0.641531539129
1083, 1, 5.0, 5.0, 342, 27, 16, 18, 0.604824031781
1084, 1, 4.0, 4.0, 419, 32, 25, 11, 0.50491952327
1085, 1, 6.0, 5.0, 525, 73, 29, 10, 0.339981093008
1086, 1, 4.0, 4.0, 407, 36, 30, 8, 0.473071316674
1087, 1, 4.0, 4.0, 362, 37, 26, 10, 0.59279002986
1088, 1, 3.0, 3.0, 236, 23, 12, 17, 0.49698248384
1089, 1, 5.0, 5.0, 551, 58, 37, 8, 0.53235805538
1090, 1, 5.0, 5.0, 444, 47, 35, 6, 0.538087711666
1091, 1, 4.0, 4.0, 243, 41, 17, 11, 0.547172194185
1092, 1, 4.0, 4.0, 275, 48, 24, 8, 0.561510104907
1093, 1, 4.0, 4.0, 272, 29, 18, 10, 0.474072157553
1094, 1, 2.0, 2.0, 120, 2, 4, 29, 0.135899521314
1095, 1, 5.0, 5.0, 405, 24, 23, 11, 0.44913681198
1096, 1, 4.0, 5.0, 373, 30, 32, 5, 0.481036787429
1097, 1, 4.0, 4.0, 337, 23, 20, 10, 0.486037656869
1098, 1, 5.0, 4.0, 286, 40, 13, 19, 0.652061182493
1099, 1, 4.0, 4.0, 196, 26, 9, 20, 0.288359439555
1100, 1, 4.0, 4.0, 302, 24, 17, 14, 0.226883985997
1101, 1, 3.0, 3.0, 179, 18, 5, 35, 0.213013417029
1102, 1, 5.0, 5.0, 700, 87, 36, 12, 0.533923670928
1103, 1, 5.0, 4.0, 376, 46, 26, 10, 0.461625157141
1104, 1, 5.0, 4.0, 479, 63, 24, 15, 0.438626883606
1105, 1, 2.0, 2.0, 75, 10, 5, 14, 0.451367286344
1106, 1, 5.0, 4.0, 444, 42, 38, 5, 0.502246962619
1107, 1, 4.0, 4.0, 272, 36, 26, 4, 0.439860691638
1108, 1, 4.0, 4.0, 273, 20, 17, 11, 0.486363467359
1109, 1, 6.0, 5.0, 557, 64, 26, 16, 0.64786326725
1110, 1, 4.0, 4.0, 299, 27, 14, 19, 0.404937014131
1111, 1, 5.0, 5.0, 562, 65, 26, 16, 0.601512904927
1112, 1, 5.0, 5.0, 428, 37, 30, 8, 0.310357607691
1113, 1, 4.0, 5.0, 347, 62, 28, 6, 0.541016115295
1114, 1, 4.0, 4.0, 301, 27, 15, 17, 0.44755830512
1115, 1, 3.0, 4.0, 333, 32, 14, 21, 0.4728926945
1116, 1, 4.0, 4.0, 50, 3, 7, 5, 0.193822142168
1117, 1, 4.0, 5.0, 331, 56, 20, 11, 0.54167881796
1118, 1, 4.0, 4.0, 396, 34, 39, 3, 0.336245907143
1119, 1, 1.0, 1.0, 27, 2, 3, 9, 0.286395329242
1120, 1, 5.0, 5.0, 477, 61, 26, 12, 0.534795078381
1121, 1, 3.0, 3.0, 338, 19, 12, 25, 0.361424662422
1122, 1, 5.0, 4.0, 415, 62, 20, 17, 0.538583328011
1123, 1, 4.0, 4.0, 389, 38, 22, 11, 0.482271635801
1124, 1, 5.0, 5.0, 44, 5, 3, 14, 0.348148896868
1125, 1, 4.0, 4.0, 302, 39, 17, 15, 0.612049829192
1126, 1, 4.0, 4.0, 368, 22, 26, 10, 0.254663425792
1127, 1, 4.0, 4.0, 325, 46, 22, 9, 0.35026009902
1128, 1, 3.0, 3.0, 233, 11, 8, 27, 0.23937214844
1129, 1, 4.0, 4.0, 337, 43, 21, 10, 0.396829162957
1130, 1, 6.0, 6.0, 537, 57, 31, 9, 0.567480758493
1131, 1, 3.0, 3.0, 213, 23, 11, 17, 0.436051371693
1132, 1, 5.0, 6.0, 647, 91, 36, 11, 0.649334897499
1133, 1, 4.0, 4.0, 322, 29, 19, 12, 0.518379352507
1134, 1, 4.0, 4.0, 376, 45, 27, 8, 0.505205836249
1135, 1, 4.0, 4.0, 274, 31, 25, 6, 0.498026002811
1136, 1, 5.0, 5.0, 464, 66, 12, 36, 0.550044302216
1137, 1, 4.0, 5.0, 343, 38, 22, 10, 0.405709163267
1138, 1, 3.0, 3.0, 241, 22, 12, 17, 0.498794747972
1139, 1, 4.0, 4.0, 384, 26, 26, 8, 0.493550193465
1140, 1, 4.0, 4.0, 395, 45, 28, 8, 0.49330403627
1141, 1, 5.0, 6.0, 544, 54, 33, 8, 0.620970125328
1142, 1, 4.0, 5.0, 346, 46, 26, 8, 0.596039816796
1143, 1, 4.0, 4.0, 43, 9, 2, 21, 0.464118195604
1144, 1, 4.0, 5.0, 397, 66, 27, 9, 0.637031724745
1145, 1, 5.0, 4.0, 405, 49, 17, 20, 0.297979158371
1146, 1, 5.0, 5.0, 411, 65, 29, 7, 0.654740398011
1147, 1, 4.0, 4.0, 284, 55, 23, 8, 0.551258259351
1148, 1, 5.0, 5.0, 483, 58, 34, 5, 0.530888050566
1149, 1, 4.0, 4.0, 384, 28, 21, 13, 0.539781741269
1150, 1, 5.0, 4.0, 401, 46, 30, 8, 0.577319711062
1151, 1, 4.0, 4.0, 198, 34, 11, 16, 0.490943732408
1152, 1, 4.0, 4.0, 339, 56, 25, 6, 0.421064390192
1153, 1, 5.0, 5.0, 596, 93, 32, 11, 0.660266924478
1154, 1, 3.0, 3.0, 238, 32, 12, 17, 0.602628696785
1155, 1, 4.0, 5.0, 575, 74, 33, 11, 0.527484231635
1156, 1, 6.0, 6.0, 418, 66, 27, 9, 0.645170974298
1157, 1, 4.0, 4.0, 441, 30, 25, 11, 0.517924013476
1158, 1, 4.0, 4.0, 331, 27, 17, 17, 0.505914142794
1159, 1, 4.0, 4.0, 336, 42, 21, 10, 0.555140412788
1160, 1, 5.0, 5.0, 542, 69, 37, 6, 0.45935023508
1161, 1, 4.0, 5.0, 375, 76, 24, 9, 0.639329699484
1162, 1, 4.0, 4.0, 331, 22, 16, 17, 0.325033071675
1163, 1, 4.0, 5.0, 406, 38, 30, 5, 0.513575084177
1164, 1, 5.0, 5.0, 446, 40, 31, 7, 0.54840989581
1165, 1, 4.0, 4.0, 387, 27, 14, 24, 0.35679773066
1166, 1, 5.0, 5.0, 422, 71, 24, 12, 0.538216684765
1167, 1, 6.0, 6.0, 653, 104, 27, 17, 0.631031462554
1168, 1, 6.0, 6.0, 47, 5, 6, 7, 0.31725904706
1169, 1, 3.0, 4.0, 255, 25, 20, 8, 0.461101148564
1170, 1, 4.0, 4.0, 338, 52, 26, 8, 0.499157260467
1171, 1, 5.0, 5.0, 322, 43, 22, 9, 0.371372806302
1172, 1, 5.0, 4.0, 530, 69, 37, 8, 0.515761474791
1173, 1, 4.0, 4.0, 433, 42, 28, 8, 0.577187012878
1174, 1, 3.0, 3.0, 203, 15, 11, 16, 0.353864153568
1175, 1, 4.0, 5.0, 428, 44, 14, 27, 0.582112974448
1176, 1, 4.0, 4.0, 372, 27, 22, 12, 0.410232969066
1177, 1, 4.0, 4.0, 405, 40, 31, 6, 0.31275759238
1178, 1, 5.0, 5.0, 341, 51, 25, 8, 0.508712372567
1179, 1, 4.0, 3.0, 263, 37, 8, 31, 0.390924089319
1180, 1, 4.0, 4.0, 271, 14, 10, 25, 0.44593728599
1181, 1, 5.0, 5.0, 358, 54, 26, 7, 0.49828992778
1182, 1, 4.0, 4.0, 308, 40, 25, 6, 0.470868624133
1183, 1, 5.0, 4.0, 437, 51, 24, 11, 0.523036093512
1184, 1, 5.0, 5.0, 360, 65, 26, 9, 0.63533846805
1185, 1, 4.0, 4.0, 417, 40, 26, 10, 0.344387026911
1186, 1, 4.0, 5.0, 296, 27, 15, 16, 0.325560326932
1187, 1, 4.0, 5.0, 483, 36, 34, 6, 0.594978723297
1188, 1, 4.0, 4.0, 441, 38, 27, 9, 0.556532670297
1189, 1, 4.0, 4.0, 355, 28, 16, 19, 0.49670322093
1190, 1, 5.0, 5.0, 508, 83, 38, 7, 0.622398213236
1191, 1, 5.0, 5.0, 434, 52, 27, 10, 0.410523398221
1192, 1, 6.0, 5.0, 400, 64, 35, 4, 0.628555227196
1193, 1, 4.0, 4.0, 299, 16, 25, 6, 0.42219071955
1194, 1, 4.0, 4.0, 514, 33, 24, 15, 0.441374734281
1195, 1, 3.0, 4.0, 210, 17, 8, 25, 0.479925560798
1196, 1, 4.0, 4.0, 294, 35, 27, 5, 0.497319014104
1197, 1, 5.0, 4.0, 517, 53, 23, 17, 0.500703456009
1198, 1, 6.0, 6.0, 464, 89, 26, 11, 0.626757639233
1199, 1, 4.0, 4.0, 397, 38, 26, 9, 0.529219472342
1200, 1, 4.0, 4.0, 402, 35, 34, 7, 0.352301187297
1201, 1, 4.0, 5.0, 478, 56, 26, 12, 0.63184062122
1202, 1, 4.0, 4.0, 331, 43, 18, 14, 0.500897882854
1203, 1, 6.0, 5.0, 449, 82, 35, 7, 0.345218689849
1204, 1, 4.0, 4.0, 453, 70, 25, 12, 0.566881725331
1205, 1, 3.0, 4.0, 246, 11, 11, 20, 0.291251171793
1206, 1, 4.0, 4.0, 313, 33, 25, 6, 0.475418444555
1207, 1, 4.0, 4.0, 424, 35, 27, 9, 0.375772690625
1208, 1, 4.0, 5.0, 411, 60, 26, 9, 0.59058309912
1209, 1, 5.0, 4.0, 433, 43, 23, 13, 0.544359249441
1210, 1, 4.0, 4.0, 364, 60, 23, 11, 0.420652935635
1211, 1, 5.0, 5.0, 481, 78, 46, 5, 0.593940310441
1212, 1, 4.0, 4.0, 483, 33, 20, 20, 0.351864304474
1213, 1, 5.0, 4.0, 351, 41, 18, 16, 0.566849152617
1214, 1, 2.0, 2.0, 100, 8, 6, 16, 0.365282688687
1215, 1, 4.0, 5.0, 474, 65, 32, 8, 0.581528209209
1216, 1, 4.0, 4.0, 333, 26, 18, 14, 0.336568108392
1217, 1, 5.0, 5.0, 448, 71, 36, 7, 0.527254845367
1218, 1, 4.0, 6.0, 510, 54, 26, 14, 0.293922054495
1219, 1, 3.0, 3.0, 176, 18, 14, 10, 0.430879258138
1220, 1, 5.0, 4.0, 46, 4, 4, 11, 0.409997062504
1221, 1, 4.0, 5.0, 45, 6, 5, 8, 0.215370980977
1222, 1, 4.0, 4.0, 378, 42, 26, 10, 0.508991249852
1223, 1, 4.0, 4.0, 444, 49, 26, 11, 0.531089041018
1224, 1, 4.0, 4.0, 177, 26, 14, 9, 0.236608559556
1225, 1, 4.0, 4.0, 256, 13, 11, 21, 0.375072610832
1226, 1, 4.0, 4.0, 440, 43, 32, 7, 0.562612839291
1227, 1, 5.0, 5.0, 481, 43, 31, 9, 0.407049402611
1228, 1, 3.0, 3.0, 176, 10, 8, 20, 0.416275016197
1229, 1, 5.0, 5.0, 360, 52, 24, 9, 0.658300105438
1230, 1, 5.0, 4.0, 466, 51, 39, 3, 0.592518937586
1231, 1, 4.0, 4.0, 423, 49, 28, 10, 0.59858622011
1232, 1, 5.0, 5.0, 334, 45, 20, 12, 0.483881571443
1233, 1, 6.0, 5.0, 509, 60, 38, 5, 0.654991032845
1234, 1, 5.0, 5.0, 321, 45, 25, 6, 0.552064065037
1235, 1, 6.0, 5.0, 539, 51, 30, 12, 0.510579180019
1236, 1, 5.0, 5.0, 440, 44, 29, 9, 0.485747592338
1237, 1, 4.0, 5.0, 350, 29, 26, 8, 0.474806089677
1238, 1, 4.0, 4.0, 262, 26, 23, 8, 0.546435956181
1239, 1, 5.0, 4.0, 311, 27, 15, 18, 0.265859703735
1240, 1, 4.0, 4.0, 537, 42, 25, 15, 0.626745305097
1241, 1, 5.0, 5.0, 379, 47, 25, 9, 0.599375754133
1242, 1, 4.0, 3.0, 297, 29, 26, 6, 0.442768610233
1243, 1, 4.0, 4.0, 234, 21, 11, 19, 0.482582200082
1244, 1, 4.0, 4.0, 396, 44, 23, 13, 0.598658724544
1245, 1, 5.0, 5.0, 654, 67, 52, 6, 0.657803750746
1246, 1, 6.0, 6.0, 785, 111, 50, 5, 0.358431102343
1247, 1, 4.0, 4.0, 450, 41, 33, 7, 0.511475651064
1248, 1, 5.0, 6.0, 403, 49, 45, 3, 0.492461205275
1249, 1, 2.0, 2.0, 95, 8, 1, 95, 0.484705995282
1250, 1, 4.0, 4.0, 385, 37, 24, 11, 0.45572287811
1251, 1, 6.0, 5.0, 593, 74, 37, 8, 0.653660736182
1252, 1, 4.0, 4.0, 429, 37, 31, 8, 0.415215707756
1253, 1, 5.0, 4.0, 473, 54, 35, 7, 0.609045614018
1254, 1, 6.0, 6.0, 503, 68, 32, 9, 0.52314683697
1255, 1, 5.0, 5.0, 397, 43, 27, 8, 0.481047586335
1256, 1, 4.0, 4.0, 305, 22, 20, 10, 0.495908790747
1257, 1, 4.0, 5.0, 385, 21, 23, 11, 0.521625113537
1258, 1, 4.0, 4.0, 406, 26, 25, 10, 0.481154636947
1259, 1, 5.0, 4.0, 356, 27, 19, 14, 0.524045107167
1260, 1, 4.0, 5.0, 365, 40, 23, 10, 0.517899065075
1261, 1, 5.0, 5.0, 380, 39, 29, 6, 0.382378285995
1262, 1, 4.0, 4.0, 303, 17, 17, 13, 0.31585724125
1263, 1, 4.0, 4.0, 333, 42, 26, 7, 0.546770094717
1264, 1, 4.0, 4.0, 324, 34, 20, 11, 0.466411744635
1265, 1, 5.0, 6.0, 419, 79, 27, 7, 0.432144618627
1266, 1, 4.0, 6.0, 273, 25, 15, 15, 0.513103455958
1267, 1, 4.0, 4.0, 316, 37, 28, 5, 0.526601519616
1268, 1, 4.0, 5.0, 419, 40, 28, 10, 0.360270485197
1269, 1, 5.0, 5.0, 456, 47, 24, 11, 0.499998587792
1270, 1, 3.0, 3.0, 139, 12, 14, 7, 0.434037996687
1271, 1, 3.0, 4.0, 372, 38, 24, 9, 0.457401236115
1272, 1, 4.0, 4.0, 326, 26, 20, 11, 0.39819413236
1273, 1, 3.0, 4.0, 255, 24, 20, 8, 0.442237712601
1274, 1, 4.0, 4.0, 259, 20, 13, 18, 0.476058690819
1275, 1, 5.0, 4.0, 353, 44, 22, 12, 0.441618505116
1276, 1, 3.0, 3.0, 239, 29, 11, 20, 0.456858003483
1277, 1, 4.0, 4.0, 258, 30, 18, 9, 0.406041495438
1278, 1, 5.0, 5.0, 491, 53, 32, 10, 0.428739009694
1279, 1, 5.0, 5.0, 356, 39, 25, 8, 0.596245506168
1280, 1, 4.0, 4.0, 391, 43, 27, 8, 0.237178926424
1281, 1, 4.0, 4.0, 291, 29, 28, 6, 0.514296174826
1282, 1, 4.0, 4.0, 204, 23, 13, 12, 0.599849440255
1283, 1, 5.0, 5.0, 369, 41, 23, 11, 0.433130870939
1284, 1, 5.0, 5.0, 523, 71, 26, 12, 0.520296159161
1285, 1, 4.0, 3.0, 286, 26, 16, 13, 0.496384394808
1286, 1, 4.0, 4.0, 354, 40, 32, 4, 0.49750319727
1287, 1, 4.0, 4.0, 316, 28, 24, 6, 0.514256411808
1288, 1, 4.0, 4.0, 325, 26, 23, 8, 0.392680585233
1289, 1, 4.0, 3.0, 262, 23, 16, 13, 0.330899017012
1290, 1, 5.0, 4.0, 555, 45, 34, 10, 0.487815447856
1291, 1, 2.0, 2.0, 80, 11, 6, 12, 0.563154022064
1292, 1, 5.0, 4.0, 468, 47, 13, 33, 0.246378857751
1293, 1, 4.0, 4.0, 269, 43, 22, 7, 0.432950308478
1294, 1, 3.0, 4.0, 254, 23, 16, 13, 0.306639517528
1295, 1, 5.0, 6.0, 507, 56, 32, 7, 0.531674215807
1296, 1, 3.0, 4.0, 342, 35, 33, 4, 0.51652303677
1297, 1, 4.0, 4.0, 281, 35, 15, 16, 0.58912249486
1298, 1, 5.0, 5.0, 376, 50, 28, 7, 0.464416385133
1299, 1, 3.0, 4.0, 326, 39, 17, 14, 0.481433357155
1300, 1, 5.0, 6.0, 492, 89, 36, 6, 0.558273302155
1301, 1, 6.0, 5.0, 454, 51, 36, 4, 0.608782875144
1302, 1, 4.0, 4.0, 384, 52, 23, 11, 0.478772014711
1303, 1, 4.0, 5.0, 372, 60, 23, 10, 0.504133071697
1304, 1, 5.0, 4.0, 390, 35, 22, 14, 0.555482837693
1305, 1, 4.0, 4.0, 499, 38, 21, 18, 0.470493737213
1306, 1, 4.0, 3.0, 298, 30, 12, 22, 0.504616258733
1307, 1, 5.0, 5.0, 400, 47, 21, 13, 0.544544641974
1308, 1, 5.0, 4.0, 405, 39, 31, 8, 0.300451286562
1309, 1, 4.0, 4.0, 293, 38, 20, 9, 0.511922860719
1310, 1, 5.0, 5.0, 582, 79, 35, 11, 0.620593047486
1311, 1, 4.0, 5.0, 590, 73, 34, 10, 0.558883475136
1312, 1, 5.0, 4.0, 318, 49, 22, 9, 0.411429064883
1313, 1, 4.0, 4.0, 385, 40, 21, 13, 0.508663834857
1314, 1, 4.0, 4.0, 385, 32, 23, 12, 0.399662700222
1315, 1, 5.0, 4.0, 435, 40, 22, 15, 0.497202871263
1316, 1, 5.0, 6.0, 610, 72, 39, 7, 0.619430002293
1317, 1, 5.0, 4.0, 585, 70, 36, 7, 0.576745375332
1318, 1, 5.0, 4.0, 354, 39, 21, 11, 0.53816812333
1319, 1, 4.0, 4.0, 286, 27, 12, 21, 0.544784360737
1320, 1, 4.0, 4.0, 382, 46, 21, 13, 0.4407977373
1321, 1, 5.0, 5.0, 539, 73, 49, 4, 0.519403801005
1322, 1, 4.0, 4.0, 430, 33, 36, 6, 0.535710157479
1323, 1, 5.0, 6.0, 534, 59, 30, 10, 0.612748883548
1324, 1, 4.0, 4.0, 454, 40, 29, 10, 0.504850027219
1325, 1, 4.0, 3.0, 278, 33, 21, 9, 0.477781199933
1326, 1, 4.0, 4.0, 446, 46, 28, 10, 0.546368876044
1327, 1, 5.0, 4.0, 584, 83, 38, 7, 0.485136852205
1328, 1, 5.0, 4.0, 385, 49, 25, 9, 0.553197201066
1329, 1, 4.0, 4.0, 350, 35, 28, 7, 0.403597457626
1330, 1, 4.0, 4.0, 230, 24, 12, 16, 0.504152506291
1331, 1, 3.0, 4.0, 200, 22, 10, 18, 0.418529026704
1332, 1, 5.0, 5.0, 611, 75, 46, 6, 0.633641113096
1333, 1, 4.0, 4.0, 174, 15, 14, 9, 0.503324694015
1334, 1, 4.0, 5.0, 543, 80, 28, 14, 0.58235784631
1335, 1, 4.0, 4.0, 347, 22, 10, 33, 0.449438154839
1336, 1, 4.0, 4.0, 331, 46, 24, 9, 0.536259574999
1337, 1, 5.0, 5.0, 535, 77, 33, 9, 0.556879975712
1338, 1, 4.0, 4.0, 316, 17, 14, 19, 0.391159930808
1339, 1, 4.0, 4.0, 326, 48, 24, 9, 0.633872392469
1340, 1, 4.0, 4.0, 364, 34, 25, 9, 0.541475530159
1341, 1, 4.0, 4.0, 397, 54, 26, 9, 0.630109512106
1342, 1, 4.0, 4.0, 284, 22, 10, 26, 0.48224090807
1343, 1, 4.0, 4.0, 223, 31, 12, 15, 0.553954905285
1344, 1, 3.0, 4.0, 195, 23, 17, 8, 0.532915956879
1345, 1, 6.0, 5.0, 474, 71, 27, 12, 0.515095963188
1346, 1, 5.0, 5.0, 501, 58, 26, 14, 0.608967796772
1347, 1, 4.0, 5.0, 366, 35, 37, 4, 0.379953913647
1348, 1, 4.0, 4.0, 337, 59, 19, 14, 0.554467266088
1349, 1, 5.0, 5.0, 407, 49, 24, 11, 0.356211822636
1350, 1, 4.0, 4.0, 261, 43, 15, 14, 0.487781982741
1351, 1, 4.0, 4.0, 392, 38, 18, 18, 0.457272336627
1352, 1, 4.0, 4.0, 280, 32, 25, 6, 0.481268536831
1353, 1, 4.0, 4.0, 395, 50, 34, 7, 0.668242199235
1354, 1, 6.0, 5.0, 47, 2, 4, 11, 0.35711807837
1355, 1, 6.0, 5.0, 455, 57, 32, 9, 0.502110923712
1356, 1, 4.0, 4.0, 367, 60, 24, 10, 0.546374207337
1357, 1, 5.0, 5.0, 461, 71, 32, 8, 0.507731591731
1358, 1, 5.0, 4.0, 415, 59, 28, 7, 0.505422871988
1359, 1, 4.0, 4.0, 397, 56, 35, 4, 0.556579161088
1360, 1, 4.0, 5.0, 441, 55, 21, 15, 0.601534018248
1361, 1, 4.0, 4.0, 295, 29, 19, 10, 0.600665151789
1362, 1, 4.0, 4.0, 360, 32, 18, 15, 0.475182779982
1363, 1, 3.0, 3.0, 99, 8, 4, 24, 0.383109420899
1364, 1, 3.0, 4.0, 273, 33, 10, 24, 0.405937050854
1365, 1, 5.0, 4.0, 420, 42, 28, 8, 0.289659955025
1366, 1, 4.0, 5.0, 378, 45, 22, 12, 0.530431513862
1367, 1, 6.0, 6.0, 531, 76, 34, 8, 0.611439554582
1368, 1, 4.0, 4.0, 341, 38, 20, 12, 0.573551301532
1369, 1, 4.0, 4.0, 320, 47, 19, 13, 0.593071445464
1370, 1, 5.0, 5.0, 381, 34, 24, 10, 0.272973851625
1371, 1, 5.0, 5.0, 457, 43, 30, 9, 0.55799633782
1372, 1, 4.0, 4.0, 253, 28, 11, 21, 0.373740475576
1373, 1, 4.0, 4.0, 243, 29, 21, 6, 0.440597906514
1374, 1, 5.0, 4.0, 561, 48, 36, 9, 0.499049677296
1375, 1, 5.0, 5.0, 393, 65, 19, 16, 0.531481293341
1376, 1, 6.0, 6.0, 518, 68, 31, 9, 0.661873902931
1377, 1, 4.0, 4.0, 261, 21, 15, 14, 0.423379617221
1378, 1, 5.0, 5.0, 427, 60, 23, 14, 0.571791555426
1379, 1, 4.0, 5.0, 447, 34, 24, 12, 0.356483442658
1380, 1, 5.0, 5.0, 388, 41, 27, 10, 0.381416972312
1381, 1, 4.0, 5.0, 471, 76, 25, 14, 0.621789298218
1382, 1, 5.0, 4.0, 323, 48, 24, 8, 0.525372829154
1383, 1, 3.0, 4.0, 292, 31, 18, 12, 0.303878157568
1384, 1, 4.0, 4.0, 329, 51, 32, 6, 0.61889259832
1385, 1, 4.0, 4.0, 521, 71, 37, 5, 0.612975707625
1386, 1, 4.0, 4.0, 361, 25, 18, 17, 0.409859608438
1387, 1, 4.0, 4.0, 340, 40, 25, 9, 0.608541541565
1388, 1, 2.0, 3.0, 379, 49, 26, 8, 0.683954743138
1389, 1, 5.0, 6.0, 618, 73, 29, 15, 0.529675427282
1390, 1, 3.0, 3.0, 240, 33, 23, 7, 0.469782636768
1391, 1, 5.0, 4.0, 44, 5, 4, 10, 0.05477666567
1392, 1, 4.0, 5.0, 42, 8, 3, 13, 0.392074055115
1393, 1, 3.0, 4.0, 232, 14, 11, 19, 0.295505629882
1394, 1, 5.0, 4.0, 447, 34, 37, 6, 0.613124718211
1395, 1, 4.0, 4.0, 445, 49, 22, 14, 0.360444922219
1396, 1, 4.0, 5.0, 405, 31, 25, 12, 0.316305342384
1397, 1, 5.0, 5.0, 519, 52, 31, 11, 0.379259940645
1398, 1, 4.0, 5.0, 263, 35, 21, 8, 0.517559336328
1399, 1, 5.0, 6.0, 354, 31, 30, 4, 0.492627166282
1400, 1, 5.0, 5.0, 516, 74, 34, 9, 0.534577472333
1401, 1, 5.0, 4.0, 399, 34, 19, 17, 0.607705952273
1402, 1, 4.0, 5.0, 403, 47, 19, 18, 0.452372826595
1403, 1, 5.0, 5.0, 319, 32, 29, 5, 0.618125788538
1404, 1, 4.0, 4.0, 329, 59, 29, 5, 0.60977789167
1405, 1, 4.0, 5.0, 338, 30, 19, 14, 0.382058601238
1406, 1, 4.0, 3.0, 236, 28, 13, 16, 0.28518463649
1407, 1, 5.0, 6.0, 529, 52, 34, 8, 0.568356179243
1408, 1, 5.0, 5.0, 391, 42, 27, 8, 0.429844765821
1409, 1, 5.0, 4.0, 386, 43, 32, 5, 0.475930287942
1410, 1, 4.0, 4.0, 256, 29, 17, 11, 0.618762776322
1411, 1, 6.0, 6.0, 608, 109, 38, 8, 0.641015108483
1412, 1, 4.0, 4.0, 239, 28, 11, 19, 0.287730002207
1413, 1, 5.0, 5.0, 432, 82, 37, 4, 0.522837041674
1414, 1, 4.0, 4.0, 398, 24, 38, 3, 0.411983516871
1415, 1, 5.0, 5.0, 405, 67, 18, 19, 0.53342476127
1416, 1, 4.0, 4.0, 350, 35, 18, 15, 0.639907024329
1417, 1, 3.0, 3.0, 194, 13, 12, 13, 0.301469329741
1418, 1, 3.0, 5.0, 583, 60, 48, 5, 0.498836152481
1419, 1, 4.0, 4.0, 392, 27, 24, 11, 0.590658896651
1420, 1, 5.0, 5.0, 445, 69, 29, 9, 0.490992226183
1421, 1, 4.0, 4.0, 252, 37, 17, 12, 0.549354665804
1422, 1, 5.0, 5.0, 368, 39, 9, 39, 0.422346305567
1423, 1, 6.0, 5.0, 504, 86, 29, 10, 0.527989435906
1424, 1, 3.0, 3.0, 187, 21, 11, 14, 0.507998717697
1425, 1, 3.0, 4.0, 229, 15, 13, 15, 0.344000549888
1426, 1, 4.0, 4.0, 249, 30, 16, 12, 0.456854424108
1427, 1, 3.0, 3.0, 144, 27, 8, 15, 0.416662070794
1428, 1, 4.0, 4.0, 386, 39, 18, 18, 0.555107522784
1429, 1, 4.0, 4.0, 460, 34, 15, 28, 0.555662762706
1430, 1, 5.0, 4.0, 416, 59, 31, 7, 0.496267940924
1431, 1, 5.0, 5.0, 431, 48, 26, 12, 0.541292942454
1432, 1, 4.0, 4.0, 369, 49, 23, 10, 0.497753173214
1433, 1, 4.0, 4.0, 260, 27, 12, 19, 0.493873288547
1434, 1, 4.0, 5.0, 342, 40, 19, 14, 0.596786725131
1435, 1, 5.0, 5.0, 435, 51, 27, 10, 0.399587298824
1436, 1, 5.0, 5.0, 551, 60, 32, 11, 0.668225428416
1437, 1, 4.0, 4.0, 256, 33, 16, 12, 0.398310047021
1438, 1, 3.0, 3.0, 193, 16, 8, 22, 0.385174280184
1439, 1, 6.0, 6.0, 596, 133, 31, 13, 0.443040278607
1440, 1, 5.0, 5.0, 326, 51, 22, 10, 0.530794131833
1441, 1, 4.0, 4.0, 319, 45, 22, 8, 0.443113898143
1442, 1, 5.0, 5.0, 403, 53, 22, 13, 0.554300962193
1443, 1, 6.0, 6.0, 535, 92, 23, 17, 0.59176250682
1444, 1, 5.0, 4.0, 328, 43, 19, 14, 0.475227741005
1445, 1, 4.0, 5.0, 399, 63, 26, 10, 0.604570565881
1446, 1, 5.0, 5.0, 384, 54, 21, 14, 0.348261170091
1447, 1, 5.0, 4.0, 437, 43, 30, 7, 0.570405082245
1448, 1, 6.0, 6.0, 536, 92, 35, 9, 0.579845458954
1449, 1, 4.0, 5.0, 429, 41, 32, 7, 0.585289984154
1450, 1, 5.0, 6.0, 494, 90, 35, 5, 0.554285123329
1451, 1, 4.0, 4.0, 334, 29, 25, 9, 0.553264406028
1452, 1, 5.0, 5.0, 650, 70, 39, 9, 0.581993246852
1453, 1, 4.0, 3.0, 236, 27, 13, 15, 0.530612532062
1454, 1, 4.0, 5.0, 315, 57, 21, 10, 0.395354320799
1455, 1, 4.0, 4.0, 351, 31, 21, 11, 0.446915345174
1456, 1, 5.0, 5.0, 419, 44, 24, 11, 0.467081687402
1457, 1, 3.0, 3.0, 199, 24, 13, 13, 0.475196073275
1458, 1, 4.0, 3.0, 121, 24, 11, 8, 0.498703749673
1459, 1, 4.0, 4.0, 199, 17, 16, 10, 0.277144993908
1460, 1, 5.0, 5.0, 543, 81, 27, 13, 0.316865325402
1461, 1, 4.0, 4.0, 303, 53, 26, 6, 0.536161754651
1462, 1, 4.0, 4.0, 229, 31, 20, 8, 0.463110727769
1463, 1, 5.0, 5.0, 423, 71, 23, 12, 0.421780336663
1464, 1, 4.0, 5.0, 314, 52, 30, 5, 0.539983096541
1465, 1, 4.0, 4.0, 506, 57, 32, 8, 0.632444170325
1466, 1, 5.0, 5.0, 415, 65, 23, 13, 0.460674474149
1467, 1, 4.0, 4.0, 344, 27, 26, 8, 0.425273581691
1468, 1, 4.0, 4.0, 263, 32, 12, 19, 0.302900389381
1469, 1, 3.0, 3.0, 208, 7, 8, 24, 0.440387342301
1470, 1, 2.0, 2.0, 86, 11, 4, 21, 0.447172500547
1471, 1, 4.0, 4.0, 350, 52, 17, 16, 0.614167276607
1472, 1, 5.0, 4.0, 354, 42, 23, 9, 0.539077393732
1473, 1, 3.0, 3.0, 229, 15, 5, 45, 0.317664115923
1474, 1, 5.0, 4.0, 351, 34, 24, 9, 0.537972559547
1475, 1, 3.0, 4.0, 283, 19, 13, 19, 0.507412333667
1476, 1, 5.0, 4.0, 409, 34, 20, 16, 0.463355916355
1477, 1, 4.0, 3.0, 248, 23, 13, 16, 0.267536723258
1478, 1, 4.0, 3.0, 219, 20, 10, 20, 0.357829320058
1479, 1, 3.0, 3.0, 129, 12, 8, 14, 0.502409088485
1480, 1, 5.0, 4.0, 393, 39, 22, 13, 0.551581694197
1481, 1, 5.0, 4.0, 311, 31, 12, 24, 0.526184292768
1482, 1, 4.0, 4.0, 317, 27, 27, 5, 0.528609557944
1483, 1, 4.0, 4.0, 331, 24, 20, 12, 0.417079714797
1484, 1, 4.0, 4.0, 384, 47, 14, 24, 0.516134925792
1485, 1, 5.0, 4.0, 468, 34, 32, 9, 0.41701452163
1486, 1, 3.0, 3.0, 169, 17, 9, 17, 0.390211934351
1487, 1, 5.0, 6.0, 607, 126, 34, 9, 0.449539492175
1488, 1, 4.0, 4.0, 150, 15, 8, 17, 0.428762879049
1489, 1, 5.0, 6.0, 448, 60, 24, 12, 0.509360092271
1490, 1, 5.0, 5.0, 456, 57, 23, 14, 0.515510918091
1491, 1, 4.0, 4.0, 316, 22, 8, 38, 0.37321499569
1492, 1, 3.0, 3.0, 133, 16, 8, 15, 0.204244795678
1493, 1, 4.0, 5.0, 384, 48, 18, 16, 0.473251929571
1494, 1, 4.0, 4.0, 435, 37, 14, 29, 0.491831163019
1495, 1, 5.0, 5.0, 408, 32, 22, 12, 0.380508348602
1496, 1, 4.0, 4.0, 368, 46, 20, 14, 0.593232534131
1497, 1, 4.0, 4.0, 301, 33, 29, 5, 0.499830803275
1498, 1, 6.0, 4.0, 513, 63, 43, 4, 0.481855798865
1499, 1, 4.0, 5.0, 395, 37, 25, 10, 0.412481439737
1500, 1, 4.0, 4.0, 328, 35, 19, 13, 0.466972395911
1501, 1, 5.0, 4.0, 413, 47, 24, 12, 0.554994071204
1502, 1, 4.0, 4.0, 267, 22, 16, 12, 0.467676321895
1503, 1, 4.0, 5.0, 233, 28, 14, 14, 0.515599504666
1504, 1, 4.0, 4.0, 202, 18, 17, 8, 0.344731111508
1505, 1, 4.0, 4.0, 489, 27, 10, 47, 0.532814892244
1506, 1, 4.0, 4.0, 344, 51, 20, 12, 0.542678873024
1507, 1, 4.0, 3.0, 281, 18, 12, 20, 0.427012252577
1508, 1, 4.0, 4.0, 290, 40, 23, 8, 0.325275941743
1509, 1, 3.0, 2.0, 105, 18, 5, 20, 0.528290042071
1510, 1, 4.0, 4.0, 354, 44, 16, 19, 0.365662095004
1511, 1, 5.0, 5.0, 516, 41, 37, 9, 0.391596312264
1512, 1, 4.0, 4.0, 305, 38, 16, 15, 0.526850250267
1513, 1, 4.0, 4.0, 334, 27, 28, 6, 0.447622163106
1514, 1, 5.0, 5.0, 435, 65, 36, 6, 0.499014363343
1515, 1, 4.0, 4.0, 326, 11, 10, 30, 0.373543189247
1516, 1, 4.0, 5.0, 337, 32, 30, 4, 0.523996716746
1517, 1, 4.0, 4.0, 271, 33, 19, 11, 0.601587548376
1518, 1, 5.0, 5.0, 497, 70, 34, 5, 0.461437470881
1519, 1, 4.0, 4.0, 51, 7, 1, 51, 0.369376255389
1520, 1, 3.0, 3.0, 142, 14, 12, 9, 0.493199647331
1521, 1, 4.0, 4.0, 271, 27, 16, 13, 0.448546787902
1522, 1, 5.0, 5.0, 425, 53, 28, 10, 0.571385402021
1523, 1, 5.0, 5.0, 321, 48, 21, 10, 0.441330262941
1524, 1, 3.0, 3.0, 129, 10, 6, 20, 0.407853167141
1525, 1, 4.0, 4.0, 333, 49, 17, 17, 0.502051765428
1526, 1, 4.0, 4.0, 343, 30, 23, 8, 0.424768478397
1527, 1, 4.0, 4.0, 309, 26, 25, 7, 0.411749707076
1528, 1, 3.0, 3.0, 255, 22, 18, 10, 0.528071503659
1529, 1, 3.0, 3.0, 183, 20, 5, 35, 0.456449888987
1530, 1, 4.0, 5.0, 443, 32, 29, 9, 0.40712107415
1531, 1, 3.0, 3.0, 248, 19, 6, 40, 0.322365489978
1532, 1, 2.0, 2.0, 128, 9, 4, 31, 0.555067936187
1533, 1, 4.0, 4.0, 334, 24, 13, 23, 0.515943978699
1534, 1, 4.0, 5.0, 347, 42, 33, 6, 0.412465934937
1535, 1, 5.0, 4.0, 327, 42, 16, 16, 0.578065312118
1536, 1, 4.0, 4.0, 49, 5, 4, 11, 0.325363021531
1537, 1, 4.0, 4.0, 291, 36, 25, 6, 0.425782838663
1538, 1, 5.0, 5.0, 475, 57, 26, 13, 0.413003469984
1539, 1, 4.0, 4.0, 264, 11, 20, 9, 0.435709917774
1540, 1, 5.0, 5.0, 469, 52, 23, 15, 0.421466032298
1541, 1, 4.0, 4.0, 239, 25, 12, 17, 0.4627567057
1542, 1, 6.0, 4.0, 420, 43, 31, 9, 0.442531783089
1543, 1, 3.0, 4.0, 214, 22, 19, 6, 0.426807454633
1544, 1, 4.0, 4.0, 256, 25, 13, 17, 0.40837188036
1545, 1, 3.0, 3.0, 137, 20, 9, 13, 0.55101572832
1546, 1, 4.0, 4.0, 362, 38, 24, 9, 0.544709973825
1547, 1, 4.0, 5.0, 591, 76, 40, 8, 0.596352284822
1548, 1, 3.0, 3.0, 279, 29, 12, 20, 0.433140222933
1549, 1, 3.0, 4.0, 390, 40, 20, 14, 0.666364245153
1550, 1, 4.0, 4.0, 381, 31, 20, 14, 0.456418953208
1551, 1, 1.0, 1.0, 50, 10, 2, 25, 0.242658565136
1552, 1, 4.0, 4.0, 323, 42, 23, 9, 0.473365531622
1553, 1, 4.0, 4.0, 409, 36, 23, 12, 0.433636257328
1554, 1, 4.0, 4.0, 40, 11, 4, 10, 0.415117473592
1555, 1, 4.0, 3.0, 170, 26, 12, 12, 0.362282888376
1556, 1, 5.0, 4.0, 463, 49, 33, 8, 0.561944841463
1557, 1, 4.0, 5.0, 407, 40, 28, 10, 0.587835440373
1558, 1, 2.0, 2.0, 98, 18, 6, 15, 0.447690400352
1559, 1, 3.0, 3.0, 169, 15, 11, 13, 0.437949271896
1560, 1, 4.0, 4.0, 292, 30, 24, 6, 0.492725813751
1561, 1, 4.0, 4.0, 420, 37, 30, 8, 0.555239077931
1562, 1, 4.0, 4.0, 303, 33, 17, 14, 0.381752327017
1563, 1, 6.0, 5.0, 384, 93, 23, 11, 0.409350295957
1564, 1, 4.0, 3.0, 226, 20, 11, 18, 0.269089683284
1565, 1, 3.0, 2.0, 147, 17, 7, 19, 0.558040274483
1566, 1, 6.0, 5.0, 534, 41, 21, 20, 0.446899331266
1567, 1, 3.0, 4.0, 307, 32, 10, 29, 0.512112352113
1568, 1, 4.0, 4.0, 377, 44, 24, 10, 0.563508405337
1569, 1, 5.0, 5.0, 554, 61, 30, 13, 0.584062643823
1570, 1, 4.0, 4.0, 541, 53, 37, 6, 0.576579652463
1571, 1, 4.0, 5.0, 434, 47, 27, 10, 0.487083414053
1572, 1, 4.0, 4.0, 287, 20, 31, 4, 0.523678681188
1573, 1, 4.0, 4.0, 237, 24, 15, 12, 0.545231541042
1574, 1, 4.0, 5.0, 288, 26, 7, 40, 0.394462463737
1575, 1, 4.0, 4.0, 253, 20, 13, 17, 0.477599226556
1576, 1, 4.0, 4.0, 271, 23, 15, 15, 0.435761149878
1577, 1, 5.0, 6.0, 624, 55, 27, 17, 0.440326742496
1578, 1, 5.0, 5.0, 430, 53, 34, 6, 0.414850016649
1579, 1, 4.0, 4.0, 315, 24, 13, 21, 0.424372734207
1580, 1, 5.0, 4.0, 314, 24, 20, 12, 0.458570317243
1581, 1, 4.0, 5.0, 544, 75, 39, 6, 0.556019502394
1582, 1, 4.0, 3.0, 253, 37, 13, 16, 0.44055371003
1583, 1, 5.0, 5.0, 450, 58, 26, 11, 0.463004952951
1584, 1, 5.0, 5.0, 521, 87, 30, 10, 0.44689781754
1585, 1, 5.0, 5.0, 424, 46, 27, 10, 0.293752507979
1586, 1, 6.0, 5.0, 479, 71, 34, 8, 0.445197859696
1587, 1, 4.0, 5.0, 553, 70, 26, 15, 0.627422278505
1588, 1, 1.0, 1.0, 32, 7, 5, 5, 0.200374405947
1589, 1, 5.0, 5.0, 433, 43, 26, 9, 0.519335554593
1590, 1, 4.0, 4.0, 339, 29, 20, 11, 0.527719973212
1591, 1, 4.0, 4.0, 393, 28, 23, 12, 0.481726002097
1592, 1, 4.0, 5.0, 389, 44, 31, 7, 0.639365617631
1593, 1, 6.0, 5.0, 593, 92, 34, 10, 0.554606118712
1594, 1, 5.0, 5.0, 559, 68, 35, 8, 0.545990239449
1595, 1, 4.0, 5.0, 346, 36, 23, 9, 0.361893444638
1596, 1, 4.0, 4.0, 346, 36, 19, 14, 0.558193801222
1597, 1, 4.0, 4.0, 312, 51, 13, 20, 0.458107320381
1598, 1, 5.0, 5.0, 475, 51, 28, 11, 0.463299310845
1599, 1, 4.0, 4.0, 332, 30, 21, 10, 0.54862463746
1600, 1, 4.0, 4.0, 264, 36, 18, 11, 0.458283963136
1601, 1, 4.0, 4.0, 252, 20, 10, 23, 0.334287880506
1602, 1, 4.0, 5.0, 384, 54, 17, 19, 0.422101919991
1603, 1, 5.0, 4.0, 431, 41, 33, 5, 0.526025385136
1604, 1, 4.0, 4.0, 343, 23, 15, 19, 0.247267193081
1605, 1, 4.0, 5.0, 417, 38, 18, 18, 0.463837838124
1606, 1, 5.0, 6.0, 725, 84, 41, 9, 0.585239835423
1607, 1, 4.0, 4.0, 405, 39, 22, 13, 0.515314750942
1608, 1, 4.0, 4.0, 255, 36, 24, 8, 0.482006170866
1609, 1, 5.0, 4.0, 338, 42, 16, 17, 0.377129606624
1610, 1, 5.0, 4.0, 367, 39, 27, 6, 0.574202712336
1611, 1, 5.0, 4.0, 378, 42, 15, 22, 0.507840355684
1612, 1, 4.0, 5.0, 426, 97, 28, 8, 0.460551311982
1613, 1, 4.0, 4.0, 343, 41, 20, 12, 0.602703290405
1614, 1, 4.0, 4.0, 213, 22, 13, 13, 0.373172481501
1615, 1, 4.0, 5.0, 431, 49, 18, 18, 0.431900946275
1616, 1, 3.0, 4.0, 292, 31, 13, 20, 0.47052572816
1617, 1, 5.0, 5.0, 405, 63, 19, 18, 0.527741429834
1618, 1, 5.0, 5.0, 745, 89, 36, 13, 0.480982928686
1619, 1, 4.0, 5.0, 445, 43, 24, 12, 0.491222751866
1620, 1, 4.0, 4.0, 380, 35, 27, 7, 0.579039770753
1621, 1, 4.0, 4.0, 320, 21, 17, 15, 0.31159055875
1622, 1, 4.0, 4.0, 435, 66, 33, 6, 0.505537372829
1623, 1, 4.0, 4.0, 279, 33, 18, 10, 0.477942194091
1624, 1, 5.0, 5.0, 476, 56, 35, 6, 0.557553348319
1625, 1, 6.0, 4.0, 511, 41, 31, 10, 0.430240741821
1626, 1, 5.0, 5.0, 512, 64, 26, 12, 0.575606144616
1627, 1, 4.0, 4.0, 346, 28, 21, 12, 0.409481521772
1628, 1, 4.0, 4.0, 449, 41, 34, 5, 0.458450050417
1629, 1, 4.0, 4.0, 227, 35, 14, 13, 0.392686566773
1630, 1, 4.0, 4.0, 346, 27, 16, 18, 0.468281460009
1631, 1, 5.0, 5.0, 291, 27, 18, 11, 0.35346057637
1632, 1, 5.0, 5.0, 513, 58, 14, 34, 0.603060202349
1633, 1, 4.0, 4.0, 305, 34, 19, 10, 0.419115244132
1634, 1, 4.0, 4.0, 294, 27, 17, 13, 0.594331954416
1635, 1, 5.0, 5.0, 424, 41, 23, 14, 0.451752636491
1636, 1, 4.0, 4.0, 304, 20, 21, 9, 0.408696306728
1637, 1, 4.0, 4.0, 279, 37, 20, 9, 0.330863627805
1638, 1, 4.0, 4.0, 303, 45, 17, 14, 0.438535169481
1639, 1, 6.0, 5.0, 470, 66, 39, 4, 0.555319645044
1640, 1, 4.0, 4.0, 346, 34, 21, 12, 0.529279284942
1641, 1, 6.0, 5.0, 526, 95, 35, 7, 0.640882025816
1642, 1, 4.0, 4.0, 307, 27, 27, 6, 0.482764042155
1643, 1, 3.0, 3.0, 180, 28, 17, 6, 0.51183751893
1644, 1, 6.0, 5.0, 423, 68, 30, 5, 0.445270402794
1645, 1, 4.0, 5.0, 339, 42, 21, 12, 0.599643103732
1646, 1, 4.0, 4.0, 372, 31, 18, 16, 0.525026281792
1647, 1, 5.0, 4.0, 395, 44, 37, 3, 0.518865300037
1648, 1, 4.0, 4.0, 218, 53, 16, 11, 0.535304688907
1649, 1, 4.0, 4.0, 275, 20, 18, 11, 0.427397422016
1650, 1, 5.0, 4.0, 460, 74, 30, 8, 0.643833528961
1651, 1, 4.0, 4.0, 243, 24, 19, 8, 0.435966778991
1652, 1, 4.0, 4.0, 257, 22, 18, 9, 0.287492946263
1653, 1, 4.0, 4.0, 306, 41, 12, 22, 0.632824352633
1654, 1, 4.0, 5.0, 391, 32, 23, 12, 0.608378123832
1655, 1, 5.0, 4.0, 443, 46, 20, 17, 0.602470738284
1656, 1, 4.0, 4.0, 354, 35, 29, 5, 0.573145003745
1657, 1, 5.0, 5.0, 457, 47, 30, 8, 0.542469907536
1658, 1, 4.0, 4.0, 378, 42, 15, 23, 0.532395702701
1659, 1, 4.0, 5.0, 352, 38, 23, 9, 0.529646361248
1660, 1, 4.0, 4.0, 388, 35, 32, 5, 0.452493140987
1661, 1, 4.0, 5.0, 447, 70, 37, 6, 0.564852478613
1662, 1, 5.0, 4.0, 483, 42, 32, 10, 0.330383104624
1663, 1, 5.0, 5.0, 366, 46, 19, 15, 0.644243276858
1664, 1, 5.0, 4.0, 459, 28, 33, 8, 0.30977492291
1665, 1, 5.0, 5.0, 592, 84, 40, 5, 0.49223090742
1666, 1, 5.0, 4.0, 397, 28, 29, 8, 0.432282139117
1667, 1, 5.0, 6.0, 45, 7, 3, 15, 0.325201229986
1668, 1, 3.0, 3.0, 197, 31, 13, 13, 0.567136557387
1669, 1, 2.0, 3.0, 95, 6, 8, 10, 0.344679781025
1670, 1, 4.0, 4.0, 434, 32, 32, 7, 0.513433985123
1671, 1, 5.0, 6.0, 575, 43, 31, 13, 0.446086564212
1672, 1, 4.0, 4.0, 303, 17, 16, 15, 0.443902581376
1673, 1, 5.0, 5.0, 488, 48, 51, 3, 0.424476146469
1674, 1, 4.0, 4.0, 359, 43, 14, 22, 0.442244050979
1675, 1, 4.0, 4.0, 318, 50, 36, 3, 0.582734807302
1676, 1, 4.0, 4.0, 403, 13, 5, 79, 0.318702269798
1677, 1, 3.0, 3.0, 162, 15, 13, 10, 0.447039771854
1678, 1, 4.0, 4.0, 340, 42, 26, 8, 0.533065797425
1679, 1, 3.0, 4.0, 232, 37, 18, 10, 0.301372825687
1680, 1, 4.0, 4.0, 313, 36, 20, 11, 0.195613930926
1681, 1, 4.0, 4.0, 383, 56, 23, 10, 0.551110194964
1682, 1, 2.0, 3.0, 121, 10, 6, 19, 0.350290935475
1683, 1, 5.0, 5.0, 678, 69, 40, 8, 0.578870045641
1684, 1, 4.0, 4.0, 435, 31, 23, 14, 0.4578222819
1685, 1, 4.0, 3.0, 198, 18, 22, 6, 0.281386448442
1686, 1, 4.0, 5.0, 369, 53, 19, 15, 0.547681970702
1687, 1, 6.0, 5.0, 504, 62, 22, 18, 0.650803146861
1688, 1, 5.0, 4.0, 389, 48, 27, 9, 0.67852542723
1689, 1, 5.0, 5.0, 491, 48, 21, 18, 0.495584623651
1690, 1, 5.0, 5.0, 503, 38, 34, 7, 0.549012847375
1691, 1, 4.0, 5.0, 442, 53, 31, 8, 0.626621823478
1692, 1, 4.0, 5.0, 370, 48, 17, 18, 0.551029732485
1693, 1, 4.0, 4.0, 356, 27, 27, 6, 0.35721058688
1694, 1, 4.0, 4.0, 463, 56, 22, 17, 0.579566735518
1695, 1, 4.0, 4.0, 322, 33, 22, 10, 0.393324048112
1696, 1, 4.0, 5.0, 432, 50, 30, 9, 0.268459416354
1697, 1, 4.0, 4.0, 303, 41, 17, 14, 0.585018165402
1698, 1, 4.0, 4.0, 212, 22, 16, 9, 0.466540917319
1699, 1, 5.0, 6.0, 521, 84, 26, 14, 0.412805912539
1700, 1, 4.0, 4.0, 347, 39, 23, 10, 0.55024269113
1701, 1, 6.0, 6.0, 451, 70, 30, 8, 0.601932083436
1702, 1, 3.0, 3.0, 209, 28, 14, 11, 0.498798070405
1703, 1, 4.0, 3.0, 241, 12, 16, 11, 0.269487646976
1704, 1, 4.0, 3.0, 200, 18, 6, 32, 0.41452279037
1705, 1, 4.0, 4.0, 382, 39, 39, 3, 0.334370874905
1706, 1, 4.0, 5.0, 459, 44, 23, 14, 0.56071132487
1707, 1, 3.0, 3.0, 229, 20, 13, 15, 0.0608745319832
1708, 1, 4.0, 5.0, 427, 70, 25, 12, 0.565685532599
1709, 1, 4.0, 4.0, 365, 30, 27, 10, 0.369279291935
1710, 1, 3.0, 3.0, 263, 18, 13, 18, 0.45318945826
1711, 1, 5.0, 5.0, 547, 73, 31, 10, 0.49739317828
1712, 1, 3.0, 4.0, 290, 29, 7, 40, 0.504396435924
1713, 1, 4.0, 4.0, 447, 51, 30, 10, 0.422628139398
1714, 1, 5.0, 4.0, 328, 44, 19, 12, 0.593020829331
1715, 1, 4.0, 4.0, 400, 61, 22, 13, 0.572938316512
1716, 1, 5.0, 6.0, 449, 61, 22, 15, 0.570728784521
1717, 1, 5.0, 4.0, 447, 41, 17, 23, 0.470408644815
1718, 1, 4.0, 5.0, 393, 35, 36, 5, 0.543791974387
1719, 1, 5.0, 4.0, 465, 45, 29, 9, 0.437042723111
1720, 1, 5.0, 5.0, 453, 53, 27, 10, 0.655116151043
1721, 1, 5.0, 4.0, 413, 59, 28, 8, 0.622597619217
1722, 1, 4.0, 5.0, 436, 51, 21, 16, 0.471200601967
1723, 1, 5.0, 5.0, 46, 4, 4, 11, 0.118142065929
1724, 1, 4.0, 5.0, 487, 57, 23, 14, 0.578811028359
1725, 1, 4.0, 4.0, 341, 40, 19, 14, 0.502927396043
1726, 1, 4.0, 6.0, 389, 72, 26, 8, 0.547528673261
1727, 1, 5.0, 4.0, 331, 29, 28, 7, 0.521919544679
1728, 1, 4.0, 4.0, 339, 39, 20, 10, 0.452891906952
1729, 1, 4.0, 4.0, 236, 26, 16, 11, 0.546068353722
1730, 1, 5.0, 4.0, 467, 50, 22, 17, 0.385469509058
1731, 1, 4.0, 3.0, 261, 27, 17, 13, 0.552202313116
1732, 1, 6.0, 5.0, 40, 8, 3, 13, 0.157124700406
1733, 1, 4.0, 4.0, 257, 25, 28, 6, 0.522222293825
1734, 1, 4.0, 3.0, 332, 36, 11, 28, 0.459170080732
1735, 1, 4.0, 6.0, 504, 79, 29, 11, 0.590121618942
1736, 1, 4.0, 4.0, 382, 31, 30, 8, 0.496576321763
1737, 1, 4.0, 4.0, 323, 36, 25, 6, 0.621280092421
1738, 1, 3.0, 3.0, 219, 26, 11, 17, 0.559027845058
1739, 1, 4.0, 5.0, 438, 48, 33, 7, 0.518273975824
1740, 1, 5.0, 6.0, 499, 58, 31, 8, 0.490859197083
1741, 1, 5.0, 5.0, 413, 51, 24, 12, 0.624674969885
1742, 1, 5.0, 5.0, 365, 30, 23, 11, 0.277810954742
1743, 1, 4.0, 4.0, 372, 21, 23, 12, 0.228786256648
1744, 1, 4.0, 5.0, 325, 48, 19, 13, 0.365013354958
1745, 1, 3.0, 3.0, 119, 13, 6, 19, 0.333602210708
1746, 1, 4.0, 4.0, 303, 33, 22, 8, 0.635432518503
1747, 1, 4.0, 4.0, 359, 55, 20, 12, 0.435619729242
1748, 1, 4.0, 5.0, 479, 49, 26, 12, 0.349909362297
1749, 1, 4.0, 4.0, 190, 23, 10, 16, 0.476898224483
1750, 1, 5.0, 5.0, 773, 100, 42, 9, 0.708196308656
1751, 1, 4.0, 4.0, 363, 59, 28, 8, 0.641416631418
1752, 1, 5.0, 5.0, 423, 34, 28, 9, 0.349764225964
1753, 1, 4.0, 4.0, 245, 20, 10, 22, 0.35760910189
1754, 1, 5.0, 5.0, 526, 64, 38, 6, 0.501466171742
1755, 1, 5.0, 5.0, 330, 49, 23, 10, 0.369739424215
1756, 1, 6.0, 6.0, 565, 64, 45, 4, 0.578839500119
1757, 1, 4.0, 4.0, 360, 27, 21, 12, 0.453759205372
1758, 1, 4.0, 4.0, 344, 22, 17, 15, 0.397120265181
1759, 1, 6.0, 6.0, 486, 83, 33, 7, 0.468941911166
1760, 1, 4.0, 4.0, 408, 44, 24, 12, 0.584281009271
1761, 1, 2.0, 3.0, 100, 8, 6, 16, 0.371733204914
1762, 1, 4.0, 4.0, 368, 52, 30, 5, 0.530018108561
1763, 1, 4.0, 5.0, 419, 62, 25, 11, 0.504877272958
1764, 1, 4.0, 4.0, 474, 42, 12, 37, 0.59097832992
1765, 1, 4.0, 5.0, 286, 39, 20, 10, 0.518364916721
1766, 1, 5.0, 5.0, 356, 41, 22, 12, 0.604125530516
1767, 1, 4.0, 4.0, 375, 41, 26, 8, 0.475899758379
1768, 1, 5.0, 5.0, 508, 79, 33, 7, 0.496118410212
1769, 1, 4.0, 4.0, 325, 29, 18, 14, 0.450334270751
1770, 1, 6.0, 4.0, 414, 67, 23, 12, 0.707185348841
1771, 1, 4.0, 5.0, 371, 41, 18, 16, 0.390877295022
1772, 1, 4.0, 5.0, 397, 31, 19, 17, 0.482782514181
1773, 1, 6.0, 5.0, 616, 54, 30, 14, 0.622032647779
1774, 1, 3.0, 2.0, 116, 7, 4, 28, 0.386250145315
1775, 1, 5.0, 5.0, 447, 46, 31, 8, 0.378215754895
1776, 1, 5.0, 4.0, 470, 66, 27, 11, 0.402523546444
1777, 1, 5.0, 5.0, 472, 39, 24, 14, 0.474237101186
1778, 1, 4.0, 4.0, 333, 49, 23, 9, 0.568778081629
1779, 1, 4.0, 4.0, 510, 27, 21, 19, 0.234992664959
1780, 1, 3.0, 4.0, 212, 25, 18, 7, 0.361564916728
1781, 1, 4.0, 4.0, 296, 40, 18, 13, 0.566024121219
1782, 1, 1.0, 1.0, 15, 1, 1, 15, 0.166577639022
1783, 1, 4.0, 3.0, 214, 26, 18, 9, 0.457246055531
